time (s),Mass (g),HRR (kW/m2),Exhaust MFR (g/s),O2 (vol),CO2 (vol),CO (vol),ksmoke (1/m)
0.00,196.030,3.0,NaN,20.86325645,0.043383341,0.00875,0.003
1.00,196.000,3.4,NaN,20.85759354,0.044,0.014,0.001
2.00,195.980,4.8,NaN,20.85680962,0.044,0.001,0.003
3.00,195.980,3.4,NaN,20.85415649,0.043000001,0,0.005
4.00,196.000,3.2,NaN,20.8567791,0.043000001,0.001,-0.002
5.00,196.020,2.1,NaN,20.85717583,0.044,0.009,0.002
6.00,195.990,1.4,NaN,20.85925293,0.044,0.016000001,0.004
7.00,196.020,1.5,NaN,20.86057663,0.044,0.023,0.004
8.00,196.030,0.8,NaN,20.86030006,0.044,0.011,0.011
9.00,196.040,0.1,NaN,20.86177635,0.044,0.012,0.002
10.00,196.050,1.1,NaN,20.86308289,0.044,0.008,0.004
11.00,196.000,0.8,NaN,20.86121559,0.044,0,0.003
12.00,196.010,0.1,NaN,20.86172867,0.044,0.004,0.002
13.00,195.980,0.9,NaN,20.86306381,0.043000001,0.002,0.007
14.00,195.970,1.2,NaN,20.86163521,0.043000001,0.005,0.004
15.00,196.000,1.8,NaN,20.86092758,0.043000001,0.005,0.009
16.00,195.990,3.5,NaN,20.85978889,0.043000001,0.017000001,0.010
17.00,195.990,3.2,NaN,20.85663033,0.044,0.015,0.008
18.00,195.960,2.4,NaN,20.85722733,0.044,0.008,0.009
19.00,195.960,1.2,NaN,20.85874557,0.043000001,0.003,0.008
20.00,195.960,1.5,NaN,20.8609333,0.043000001,0.009,0.004
21.00,195.960,0.5,NaN,20.86044693,0.043000001,0.008,0.009
22.00,195.970,1.3,NaN,20.862257,0.043000001,0.003,0.013
23.00,195.960,1.4,NaN,20.86071396,0.043000001,0.011,0.009
24.00,195.990,0.3,NaN,20.86058617,0.043000001,0.009,0.004
25.00,195.980,-0.7,NaN,20.86269569,0.043000001,0.001,0.004
26.00,195.980,-0.3,NaN,20.8646431,0.043000001,0.004,0.008
27.00,195.990,0.6,NaN,20.86390686,0.043000001,0.004,0.004
28.00,195.980,0.2,NaN,20.86214828,0.043000001,0.001,0.002
29.00,195.950,0.1,NaN,20.86288261,0.043000001,0.008,0.000
30.00,195.930,1.3,NaN,20.86306,0.043000001,0.001,0.007
31.00,195.940,0.8,NaN,20.86084366,0.041999999,0.002,0.007
32.00,195.930,0.8,NaN,20.86170197,0.041999999,0.001,0.003
33.00,195.940,1.0,NaN,20.86179733,0.041999999,0.004,0.004
34.00,195.900,1.0,NaN,20.86134148,0.041999999,0.007,0.006
35.00,195.940,0.0,NaN,20.86139488,0.041999999,0.008,0.004
36.00,195.920,-0.6,NaN,20.86322212,0.041999999,0.008,0.001
37.00,195.940,0.1,NaN,20.86436462,0.041999999,0.001,0.005
38.00,195.940,0.8,NaN,20.86308861,0.041999999,0.002,0.004
39.00,195.940,1.6,NaN,20.86164665,0.041999999,0.006,-0.002
40.00,195.920,2.3,NaN,20.86011696,0.041999999,0.006,0.005
41.00,195.900,2.3,NaN,20.8589344,0.041999999,0.002,0.002
42.00,195.900,2.5,NaN,20.85900307,0.041999999,0.007,0.007
43.00,195.950,2.9,NaN,20.85839081,0.041999999,0.003,-0.001
44.00,195.930,3.5,NaN,20.85777092,0.041999999,0.008,-0.003
45.00,195.920,2.3,NaN,20.85661697,0.041999999,0.021,0.007
46.00,195.980,2.4,NaN,20.85882187,0.043000001,0.015,0.002
47.00,195.910,2.8,NaN,20.85879135,0.041999999,0.003,0.003
48.00,196.000,4.1,NaN,20.85804367,0.041999999,0.009,0.003
49.00,195.960,4.1,NaN,20.85546684,0.041999999,0.005,0.003
50.00,195.960,4.6,NaN,20.85546494,0.041999999,0.006,0.011
51.00,196.000,4.9,NaN,20.85448265,0.041999999,0.006,0.005
52.00,195.900,4.1,NaN,20.85390854,0.041999999,0.004,0.013
53.00,195.910,4.0,NaN,20.85551262,0.041999999,0.007,0.023
54.00,195.920,4.4,NaN,20.85572243,0.041999999,0,0.021
55.00,195.910,4.3,NaN,20.85497856,0.041999999,0.004,0.028
56.00,195.870,2.6,NaN,20.85504723,0.041999999,0.006,0.038
57.00,195.890,3.0,NaN,20.85823441,0.041999999,0.011,0.044
58.00,195.870,3.4,NaN,20.85758209,0.041999999,0.017999999,0.050
59.00,195.890,3.8,NaN,20.85680199,0.043000001,0.018999999,0.064
60.00,195.830,3.8,NaN,20.85598755,0.043000001,0.013,0.066
61.00,195.850,3.0,NaN,20.85596848,0.041999999,0.003,0.080
62.00,195.810,3.9,NaN,20.85757446,0.041999999,0.004,0.088
63.00,195.790,4.7,NaN,20.85593414,0.041999999,0.012,0.076
64.00,195.780,3.5,NaN,20.85412407,0.043000001,0.009,0.009
65.00,195.650,6.2,NaN,20.85658264,0.045000002,0.011,0.003
66.00,195.610,9.7,NaN,20.85120964,0.045000002,0.017999999,-0.002
67.00,195.560,16.8,NaN,20.84455681,0.07,0.008,-0.001
68.00,195.460,24.1,NaN,20.83071709,0.077,0.015,0.000
69.00,195.400,32.2,NaN,20.81589699,0.097999997,0.012,-0.008
70.00,195.360,42.1,NaN,20.7996788,0.112000003,0.005,-0.002
71.00,195.270,49.9,NaN,20.78103447,0.133000001,0.012,-0.004
72.00,195.210,59.0,NaN,20.76418304,0.141000003,0.009,-0.002
73.00,195.100,68.5,NaN,20.74547577,0.148000002,0.001,-0.004
74.00,195.010,77.5,NaN,20.72770309,0.174999997,0.005,0.001
75.00,194.930,82.6,NaN,20.71012688,0.180999994,0.009,-0.004
76.00,194.800,91.8,NaN,20.69694901,0.196999997,0.016000001,-0.004
77.00,194.740,100.2,NaN,20.68092537,0.206,0.006,0.000
78.00,194.670,105.8,NaN,20.66384315,0.213,0.008,-0.001
79.00,194.570,110.5,NaN,20.6513958,0.223000005,0.003,-0.002
80.00,194.450,115.6,NaN,20.63903618,0.230000004,0,-0.003
81.00,194.390,118.4,NaN,20.63082504,0.246999994,0.005,-0.004
82.00,194.190,125.5,NaN,20.62099648,0.261999995,0.017000001,0.000
83.00,194.110,131.4,NaN,20.60983086,0.270999998,0.006,0.000
84.00,194.020,133.7,NaN,20.59799576,0.279000014,0.003,-0.002
85.00,193.900,140.4,NaN,20.5879612,0.287999988,0.005,0.003
86.00,193.800,143.5,NaN,20.5770092,0.291999996,0.001,0.001
87.00,193.700,148.2,NaN,20.57005692,0.300999999,0.004,0.000
88.00,193.590,152.5,NaN,20.56274414,0.310000002,0.007,0.000
89.00,193.430,150.3,NaN,20.55482864,0.312000006,0.005,0.001
90.00,193.340,153.4,NaN,20.55098724,0.316000015,0.004,0.000
91.00,193.219,158.0,NaN,20.54543304,0.324999988,0.005,0.000
92.00,193.089,160.9,NaN,20.53848076,0.333999991,0.001,-0.006
93.00,192.969,164.8,NaN,20.53094673,0.342999995,0.003,-0.002
94.00,192.869,168.1,NaN,20.52251053,0.351999998,0.008,-0.003
95.00,192.789,171.7,NaN,20.5129509,0.356000006,0.021,-0.003
96.00,192.629,172.8,NaN,20.50621414,0.358999997,0.012,0.002
97.00,192.559,177.7,NaN,20.49864769,0.363000005,0.009,0.003
98.00,192.389,178.1,NaN,20.49233437,0.367000014,0.005,-0.002
99.00,192.239,177.9,NaN,20.48801422,0.375999987,0.002,-0.001
100.00,192.139,179.8,NaN,20.48492813,0.379999995,0.007,-0.002
101.00,191.999,185.6,NaN,20.48114586,0.388999999,0.017000001,-0.001
102.00,191.869,189.3,NaN,20.47669792,0.391000003,0.009,0.003
103.00,191.749,190.0,NaN,20.47165108,0.395999998,0.001,0.001
104.00,191.649,191.0,NaN,20.46543121,0.397000015,0,0.002
105.00,191.469,191.5,NaN,20.46117592,0.402999997,0.006,0.003
106.00,191.359,190.1,NaN,20.45856285,0.412,0.016000001,0.002
107.00,191.199,194.6,NaN,20.45586395,0.416000009,0.011,0.001
108.00,191.089,196.7,NaN,20.44953156,0.416999996,0.005,0.000
109.00,190.979,200.4,NaN,20.44495392,0.421999991,0.003,0.000
110.00,190.839,200.6,NaN,20.43957901,0.425999999,0.003,-0.002
111.00,190.669,198.1,NaN,20.43738174,0.430000007,0.003,-0.002
112.00,190.529,205.7,NaN,20.43496323,0.43900001,0.014,-0.004
113.00,190.429,202.3,NaN,20.43177605,0.442999989,0.013,0.003
114.00,190.329,206.2,NaN,20.42566299,0.444000006,0.012,0.003
115.00,190.209,208.6,NaN,20.42104912,0.449999988,0.013,0.004
116.00,190.029,209.9,NaN,20.41685295,0.453999996,0.02,0.000
117.00,189.889,210.5,NaN,20.4127388,0.458000004,0.015,-0.007
118.00,189.739,215.8,NaN,20.40878296,0.460999995,0.018999999,0.001
119.00,189.609,215.0,NaN,20.40501404,0.465000004,0.015,0.001
120.00,189.459,217.3,NaN,20.39827156,0.467999995,0.021,-0.001
121.00,189.319,217.6,NaN,20.39744186,0.472000003,0.016000001,0.004
122.00,189.239,216.8,NaN,20.39282799,0.474000007,0,0.003
123.00,189.079,217.2,NaN,20.38747597,0.476999998,0.008,0.003
124.00,188.959,222.1,NaN,20.3867321,0.479000002,0.013,0.000
125.00,188.819,220.3,NaN,20.38519287,0.481999993,0.013,0.003
126.00,188.669,228.0,NaN,20.3848362,0.486000001,0.009,0.003
127.00,188.499,225.6,NaN,20.38357162,0.488000005,0.015,0.004
128.00,188.379,224.5,NaN,20.37898827,0.492000014,0.015,0.007
129.00,188.279,225.6,NaN,20.37700462,0.493999988,0.009,0.001
130.00,188.099,227.2,NaN,20.37473679,0.497999996,0.006,0.007
131.00,187.919,226.6,NaN,20.37160683,0.500999987,0.016000001,0.004
132.00,187.738,232.8,NaN,20.36992836,0.503000021,0.008,0.005
133.00,187.628,232.9,NaN,20.36632347,0.507000029,0.005,0.004
134.00,187.488,230.7,NaN,20.36178589,0.509000003,0.002,0.009
135.00,187.298,232.7,NaN,20.35998154,0.512000024,0.01,0.010
136.00,187.148,237.0,NaN,20.3561821,0.514999986,0.009,0.011
137.00,187.038,237.1,NaN,20.35371971,0.51700002,0.008,0.004
138.00,186.868,236.3,NaN,20.34908295,0.519999981,0.003,0.008
139.00,186.748,235.6,NaN,20.34758377,0.523000002,0.001,0.003
140.00,186.618,241.9,NaN,20.34635735,0.526000023,0.004,0.007
141.00,186.458,234.3,NaN,20.34466171,0.52700001,0.017999999,0.015
142.00,186.288,240.1,NaN,20.34378242,0.528999984,0.004,0.008
143.00,186.148,233.7,NaN,20.34259605,0.532999992,0.007,0.006
144.00,186.038,243.7,NaN,20.33905983,0.536000013,0.006,0.011
145.00,185.908,242.9,NaN,20.33306885,0.538999975,0.01,0.011
146.00,185.738,244.9,NaN,20.32968521,0.541000009,0.012,0.012
147.00,185.568,241.5,NaN,20.32725143,0.542999983,0.004,0.013
148.00,185.428,239.6,NaN,20.32683372,0.54400003,0.006,0.006
149.00,185.278,243.9,NaN,20.32736778,0.546000004,0.001,0.007
150.00,185.098,240.9,NaN,20.32856178,0.547999978,0,0.005
151.00,184.998,245.5,NaN,20.32571602,0.550000012,0.013,0.007
152.00,184.798,247.7,NaN,20.32333565,0.550000012,0.002,0.009
153.00,184.618,247.7,NaN,20.32094383,0.555000007,0.013,0.006
154.00,184.488,242.0,NaN,20.31881523,0.556999981,0.018999999,0.008
155.00,184.378,244.5,NaN,20.31846428,0.558000028,0.001,0.005
156.00,184.208,247.6,NaN,20.31875992,0.560000002,0.007,0.012
157.00,184.038,249.5,NaN,20.31890678,0.564999998,0.02,0.004
158.00,183.898,252.5,NaN,20.31489182,0.568000019,0.014,0.010
159.00,183.728,259.2,NaN,20.30761528,0.569999993,0,0.007
160.00,183.578,256.7,NaN,20.29856682,0.574000001,0.004,0.007
161.00,183.398,258.4,NaN,20.29635239,0.575999975,0,0.006
162.00,183.298,255.3,NaN,20.29601288,0.578999996,0.011,0.007
163.00,183.128,255.5,NaN,20.29256058,0.58099997,0.028000001,0.004
164.00,182.988,260.9,NaN,20.29173279,0.582000017,0.017999999,0.011
165.00,182.828,261.4,NaN,20.2913208,0.583999991,0.008,0.009
166.00,182.678,256.8,NaN,20.28930473,0.586000025,0.005,0.007
167.00,182.528,257.7,NaN,20.28616714,0.587000012,0.002,0.005
168.00,182.277,262.4,NaN,20.28492165,0.587000012,0.011,0.010
169.00,182.107,261.5,NaN,20.28353882,0.588,0.011,0.006
170.00,182.037,258.8,NaN,20.28219604,0.588999987,0.005,0.003
171.00,181.857,257.7,NaN,20.28473854,0.589999974,0.007,0.010
172.00,181.677,259.4,NaN,20.28384972,0.592000008,0.004,0.007
173.00,181.527,260.9,NaN,20.2809124,0.593999982,0.018999999,0.008
174.00,181.417,265.0,NaN,20.27684975,0.593999982,0.007,0.012
175.00,181.197,267.6,NaN,20.27065659,0.593999982,0.014,0.006
176.00,181.037,270.4,NaN,20.26588821,0.601000011,0.01,0.008
177.00,180.857,264.7,NaN,20.26318359,0.601999998,0.004,0.007
178.00,180.757,263.7,NaN,20.26275444,0.603999972,0,0.011
179.00,180.557,273.9,NaN,20.26399803,0.605000019,0.017999999,0.009
180.00,180.407,266.4,NaN,20.26367378,0.606000006,0.022,0.008
181.00,180.197,271.3,NaN,20.26265526,0.606999993,0.01,0.003
182.00,180.077,267.8,NaN,20.26398468,0.606999993,0.005,0.010
183.00,179.947,270.0,NaN,20.26457596,0.606999993,0.001,0.010
184.00,179.777,266.3,NaN,20.26548195,0.60799998,0.003,0.008
185.00,179.547,264.5,NaN,20.26571274,0.610000014,0.006,0.003
186.00,179.417,265.0,NaN,20.26419449,0.610000014,0.009,0.016
187.00,179.287,275.3,NaN,20.26361656,0.611999989,0.009,0.010
188.00,179.097,270.3,NaN,20.26046562,0.612999976,0.006,0.013
189.00,178.907,268.2,NaN,20.25865364,0.61500001,0.006,0.015
190.00,178.727,266.3,NaN,20.256567,0.616999984,0.012,0.013
191.00,178.587,272.6,NaN,20.25532913,0.619000018,0.007,0.012
192.00,178.437,274.6,NaN,20.25165749,0.620999992,0.005,0.014
193.00,178.267,273.9,NaN,20.24948502,0.621999979,0.007,0.013
194.00,178.097,279.5,NaN,20.24614525,0.625,0.005,0.015
195.00,177.977,276.4,NaN,20.24396706,0.625,0.002,0.016
196.00,177.807,276.2,NaN,20.24493599,0.625999987,0.014,0.019
197.00,177.697,271.3,NaN,20.24631882,0.626999974,0.015,0.013
198.00,177.517,271.8,NaN,20.24692345,0.628000021,0.009,0.014
199.00,177.287,272.8,NaN,20.24554062,0.628000021,0.004,0.011
200.00,177.067,281.2,NaN,20.24106407,0.629999995,0.015,0.012
201.00,176.947,282.7,NaN,20.23532677,0.634000003,0.009,0.013
202.00,176.787,280.4,NaN,20.2307682,0.63499999,0.001,0.009
203.00,176.616,283.7,NaN,20.22681236,0.637000024,0.009,0.011
204.00,176.486,279.6,NaN,20.22536659,0.637000024,0.008,0.009
205.00,176.266,281.9,NaN,20.22699738,0.638999999,0.014,0.014
206.00,176.126,280.3,NaN,20.22690773,0.639999986,0.022,0.006
207.00,175.996,277.7,NaN,20.22689247,0.639999986,0.017000001,0.009
208.00,175.816,281.3,NaN,20.2270298,0.64200002,0.01,0.011
209.00,175.646,282.1,NaN,20.22623825,0.643000007,0.01,0.009
210.00,175.476,283.0,NaN,20.22355461,0.643999994,0.012,0.009
211.00,175.326,290.3,NaN,20.22125435,0.644999981,0.01,0.008
212.00,175.136,289.6,NaN,20.21727562,0.644999981,0.012,0.009
213.00,174.996,280.6,NaN,20.2156105,0.647000015,0.01,0.012
214.00,174.866,283.0,NaN,20.21622849,0.647000015,0.007,0.010
215.00,174.646,282.9,NaN,20.21826553,0.647000015,0.002,0.015
216.00,174.516,285.6,NaN,20.21984863,0.647000015,0.005,0.008
217.00,174.316,283.4,NaN,20.21892357,0.648000002,0.003,0.010
218.00,174.176,286.1,NaN,20.2195816,0.648000002,0.002,0.011
219.00,173.976,282.8,NaN,20.21824646,0.649999976,0.01,0.019
220.00,173.736,282.2,NaN,20.22025871,0.651000023,0.026000001,0.010
221.00,173.646,282.9,NaN,20.21758842,0.65200001,0.033,0.011
222.00,173.456,288.2,NaN,20.21632576,0.652999997,0.012,0.019
223.00,173.346,281.0,NaN,20.21574783,0.652999997,0.009,0.009
224.00,173.146,286.9,NaN,20.21121216,0.653999984,0.012,0.011
225.00,172.936,287.1,NaN,20.21208572,0.654999971,0.002,0.013
226.00,172.746,287.3,NaN,20.21007347,0.657000005,0.01,0.009
227.00,172.656,290.2,NaN,20.21054268,0.657999992,0.017000001,0.011
228.00,172.476,283.8,NaN,20.21165276,0.658999979,0.014,0.015
229.00,172.296,288.7,NaN,20.20894432,0.660000026,0.006,0.012
230.00,172.146,283.5,NaN,20.21115494,0.660000026,0.001,0.012
231.00,171.986,287.5,NaN,20.20892906,0.662,0.005,0.010
232.00,171.756,288.4,NaN,20.20606422,0.662999988,0.006,0.013
233.00,171.606,291.2,NaN,20.20630074,0.663999975,0.002,0.014
234.00,171.396,289.3,NaN,20.20367432,0.663999975,0.002,0.012
235.00,171.225,286.0,NaN,20.20422935,0.663999975,0.012,0.012
236.00,171.065,291.9,NaN,20.20641518,0.663999975,0.015,0.017
237.00,170.895,284.3,NaN,20.20425797,0.663999975,0.001,0.011
238.00,170.755,294.8,NaN,20.20256805,0.663999975,0.006,0.012
239.00,170.615,289.5,NaN,20.20305824,0.665000021,0.001,0.020
240.00,170.405,287.6,NaN,20.2008152,0.665000021,0.001,0.016
241.00,170.205,291.3,NaN,20.19872665,0.666000009,0.005,0.015
242.00,170.125,288.6,NaN,20.20097923,0.666000009,0.004,0.012
243.00,169.925,292.7,NaN,20.19940758,0.666999996,0.009,0.013
244.00,169.725,290.6,NaN,20.199049,0.667999983,0.012,0.010
245.00,169.595,290.3,NaN,20.19657326,0.66900003,0.006,0.014
246.00,169.375,290.3,NaN,20.19319344,0.671000004,0.003,0.016
247.00,169.215,300.9,NaN,20.19083786,0.672999978,0.002,0.013
248.00,169.015,295.5,NaN,20.18555069,0.675999999,0.01,0.014
249.00,168.855,291.6,NaN,20.18129539,0.675999999,0.009,0.011
250.00,168.705,292.8,NaN,20.18078613,0.680000007,0.006,0.015
251.00,168.565,293.7,NaN,20.18083382,0.681999981,0.018999999,0.018
252.00,168.365,304.4,NaN,20.18003273,0.683000028,0.011,0.017
253.00,168.225,298.0,NaN,20.1777401,0.685000002,0.003,0.014
254.00,168.055,300.1,NaN,20.17595673,0.685000002,0.001,0.015
255.00,167.865,299.6,NaN,20.17520142,0.685000002,0.004,0.010
256.00,167.615,301.5,NaN,20.1753788,0.68599999,0.003,0.015
257.00,167.455,294.2,NaN,20.17747307,0.68599999,0.009,0.012
258.00,167.265,295.8,NaN,20.18332672,0.68599999,0.006,0.015
259.00,167.085,298.4,NaN,20.18310356,0.686999977,0.006,0.010
260.00,166.935,300.0,NaN,20.18403244,0.686999977,0.006,0.017
261.00,166.765,296.6,NaN,20.18040657,0.686999977,0,0.011
262.00,166.565,297.8,NaN,20.17813683,0.68900001,0.009,0.015
263.00,166.395,303.2,NaN,20.17587852,0.689999998,0.008,0.019
264.00,166.235,298.1,NaN,20.17012024,0.691999972,0.008,0.013
265.00,166.095,296.0,NaN,20.16843987,0.693000019,0.005,0.008
266.00,165.895,298.7,NaN,20.1683979,0.693000019,0.004,0.008
267.00,165.674,296.2,NaN,20.16892242,0.694000006,0.002,0.010
268.00,165.504,305.2,NaN,20.16773033,0.694000006,0.002,0.005
269.00,165.354,300.0,NaN,20.16687202,0.694000006,0.002,0.011
270.00,165.204,308.2,NaN,20.16619682,0.69599998,0.001,0.016
271.00,165.004,303.7,NaN,20.16355515,0.69599998,0.007,0.013
272.00,164.824,303.4,NaN,20.16372108,0.697000027,0.004,0.009
273.00,164.664,297.6,NaN,20.16590881,0.698000014,0.015,0.017
274.00,164.474,295.9,NaN,20.1663208,0.699000001,0.012,0.016
275.00,164.294,304.3,NaN,20.16341972,0.700999975,0.001,0.020
276.00,164.134,300.3,NaN,20.16220284,0.702000022,0.001,0.014
277.00,163.914,307.0,NaN,20.15958786,0.703999996,0.008,0.015
278.00,163.804,300.4,NaN,20.15573311,0.704999983,0.007,0.018
279.00,163.674,307.6,NaN,20.15306282,0.707000017,0.014,0.016
280.00,163.444,303.4,NaN,20.15008736,0.708000004,0.012,0.019
281.00,163.224,303.4,NaN,20.14966011,0.708999991,0.005,0.018
282.00,163.054,304.0,NaN,20.1517334,0.708999991,0.003,0.012
283.00,162.864,303.7,NaN,20.15443802,0.708999991,0.002,0.011
284.00,162.724,302.8,NaN,20.15446663,0.708999991,0.001,0.015
285.00,162.514,305.6,NaN,20.15554428,0.708999991,0.004,0.016
286.00,162.344,304.1,NaN,20.15666199,0.708999991,0.012,0.017
287.00,162.224,301.1,NaN,20.15807533,0.708999991,0.012,0.013
288.00,162.024,302.4,NaN,20.15720749,0.709999979,0.02,0.015
289.00,161.844,302.5,NaN,20.15493202,0.711000025,0.002,0.012
290.00,161.664,305.4,NaN,20.15222359,0.712000012,0.004,0.019
291.00,161.514,305.4,NaN,20.14933395,0.713,0.002,0.016
292.00,161.334,309.0,NaN,20.14687729,0.713,0.013,0.019
293.00,161.144,304.1,NaN,20.15056419,0.713,0.01,0.025
294.00,160.964,307.6,NaN,20.15285492,0.713,0.008,0.022
295.00,160.744,303.5,NaN,20.15807915,0.712000012,0.012,0.021
296.00,160.554,307.8,NaN,20.16039085,0.711000025,0.014,0.020
297.00,160.414,307.0,NaN,20.15934944,0.711000025,0.008,0.020
298.00,160.193,304.8,NaN,20.15901375,0.713,0.017999999,0.017
299.00,160.083,308.6,NaN,20.15936661,0.713,0.013,0.012
300.00,159.873,305.1,NaN,20.15459061,0.713,0.004,0.014
301.00,159.703,305.2,NaN,20.15265846,0.713999987,0.003,0.021
302.00,159.563,306.0,NaN,20.15128517,0.714999974,0,0.023
303.00,159.303,304.7,NaN,20.15065002,0.716000021,0,0.015
304.00,159.153,305.6,NaN,20.14959717,0.717000008,0.004,0.021
305.00,158.963,305.7,NaN,20.14877319,0.718999982,0.004,0.013
306.00,158.743,308.8,NaN,20.14785576,0.720000029,0.011,0.021
307.00,158.563,305.7,NaN,20.14488983,0.721000016,0.009,0.019
308.00,158.413,307.8,NaN,20.14326859,0.722000003,0.006,0.020
309.00,158.203,312.2,NaN,20.14096069,0.722000003,0.015,0.023
310.00,158.043,311.0,NaN,20.14188766,0.723999977,0.006,0.021
311.00,157.893,314.2,NaN,20.1408577,0.723999977,0.003,0.021
312.00,157.663,301.3,NaN,20.13924789,0.725000024,0.002,0.020
313.00,157.523,309.6,NaN,20.13851929,0.726000011,0.006,0.023
314.00,157.273,304.6,NaN,20.13664436,0.726999998,0.012,0.027
315.00,157.163,315.7,NaN,20.13229179,0.730000019,0,0.025
316.00,156.983,315.7,NaN,20.13017464,0.731000006,0.009,0.016
317.00,156.803,316.3,NaN,20.12888336,0.731999993,0.007,0.022
318.00,156.623,313.5,NaN,20.13012123,0.731999993,0.004,0.021
319.00,156.383,314.2,NaN,20.12955856,0.73299998,0.005,0.018
320.00,156.223,308.4,NaN,20.12750816,0.734000027,0.004,0.019
321.00,156.003,316.7,NaN,20.12783432,0.734000027,0.01,0.022
322.00,155.823,314.4,NaN,20.12564468,0.736999989,0.008,0.029
323.00,155.663,315.2,NaN,20.1246109,0.737999976,0.002,0.021
324.00,155.523,307.4,NaN,20.12300301,0.737999976,0.002,0.021
325.00,155.323,309.7,NaN,20.1209774,0.74000001,0.008,0.020
326.00,155.113,314.7,NaN,20.11872673,0.740999997,0.013,0.026
327.00,154.893,308.6,NaN,20.11598015,0.740999997,0.003,0.020
328.00,154.732,312.5,NaN,20.11488724,0.742999971,0.01,0.023
329.00,154.552,315.5,NaN,20.11630821,0.744000018,0.008,0.023
330.00,154.422,314.8,NaN,20.1162281,0.746999979,0.004,0.024
331.00,154.192,322.6,NaN,20.11162949,0.748000026,0.009,0.022
332.00,154.032,318.8,NaN,20.10739708,0.749000013,0.023,0.013
333.00,153.842,316.9,NaN,20.1066246,0.749000013,0.009,0.026
334.00,153.652,319.8,NaN,20.10677147,0.75,0.002,0.027
335.00,153.422,322.2,NaN,20.10756874,0.750999987,0.001,0.021
336.00,153.222,315.6,NaN,20.10725403,0.750999987,0.002,0.024
337.00,153.022,325.8,NaN,20.1076107,0.751999974,0,0.021
338.00,152.852,319.3,NaN,20.10404778,0.751999974,0.004,0.017
339.00,152.672,320.4,NaN,20.10362816,0.753000021,0.003,0.021
340.00,152.542,322.5,NaN,20.10464478,0.754000008,0.001,0.028
341.00,152.342,322.3,NaN,20.10341072,0.754999995,0.003,0.026
342.00,152.122,328.3,NaN,20.10343361,0.755999982,0.005,0.029
343.00,151.972,316.0,NaN,20.10194588,0.759000003,0,0.026
344.00,151.822,321.2,NaN,20.09777832,0.75999999,0.002,0.023
345.00,151.612,319.9,NaN,20.09399414,0.763999999,0.006,0.016
346.00,151.392,330.1,NaN,20.08973885,0.765999973,0.006,0.022
347.00,151.222,324.5,NaN,20.08905411,0.76700002,0.009,0.023
348.00,150.982,331.1,NaN,20.08932495,0.768999994,0.005,0.018
349.00,150.792,337.0,NaN,20.08882332,0.769999981,0.005,0.023
350.00,150.602,328.7,NaN,20.08795929,0.769999981,0.001,0.019
351.00,150.372,320.5,NaN,20.08921432,0.768999994,0.003,0.021
352.00,150.212,326.3,NaN,20.08934402,0.769999981,0.005,0.013
353.00,150.062,327.6,NaN,20.09224892,0.771000028,0.011,0.018
354.00,149.872,328.0,NaN,20.08859062,0.771000028,0.009,0.025
355.00,149.662,327.0,NaN,20.08683395,0.772000015,0.007,0.017
356.00,149.432,330.2,NaN,20.08563805,0.772000015,0.009,0.021
357.00,149.302,326.8,NaN,20.08694839,0.772000015,0.008,0.025
358.00,149.091,321.5,NaN,20.08873367,0.772000015,0.011,0.022
359.00,148.931,330.6,NaN,20.08913231,0.773000002,0.002,0.025
360.00,148.741,321.1,NaN,20.09392548,0.773000002,0.006,0.020
361.00,148.541,327.7,NaN,20.09216309,0.773999989,0.003,0.025
362.00,148.331,326.5,NaN,20.09096336,0.774999976,0.002,0.019
363.00,148.121,327.6,NaN,20.08879089,0.776000023,0.007,0.021
364.00,147.971,329.7,NaN,20.08499908,0.776000023,0,0.021
365.00,147.771,327.8,NaN,20.08142853,0.778999984,0.012,0.021
366.00,147.541,326.5,NaN,20.08019829,0.778999984,0.014,0.021
367.00,147.361,326.1,NaN,20.08051682,0.781000018,0.008,0.023
368.00,147.181,327.7,NaN,20.07860374,0.782000005,0.003,0.025
369.00,147.011,326.9,NaN,20.07804298,0.782999992,0.001,0.025
370.00,146.811,330.9,NaN,20.0779705,0.782999992,0.007,0.027
371.00,146.591,331.1,NaN,20.07591629,0.782999992,0.006,0.025
372.00,146.461,325.7,NaN,20.07386971,0.783999979,0.006,0.023
373.00,146.261,325.4,NaN,20.07669258,0.783999979,0.014,0.021
374.00,146.031,327.6,NaN,20.07799149,0.783999979,0.012,0.023
375.00,145.841,328.6,NaN,20.07891083,0.785000026,0.016000001,0.023
376.00,145.651,335.0,NaN,20.07812881,0.786000013,0.01,0.028
377.00,145.441,330.2,NaN,20.07415771,0.787,0.005,0.026
378.00,145.251,326.0,NaN,20.07175636,0.787,0.018999999,0.030
379.00,145.051,337.0,NaN,20.06988716,0.787999988,0.012,0.027
380.00,144.841,330.0,NaN,20.06966782,0.787999988,0.009,0.031
381.00,144.671,333.9,NaN,20.07044601,0.787,0.016000001,0.026
382.00,144.501,322.1,NaN,20.07298851,0.786000013,0.014,0.021
383.00,144.341,322.1,NaN,20.07689667,0.785000026,0.002,0.023
384.00,144.141,330.6,NaN,20.0829792,0.785000026,0.004,0.021
385.00,143.951,324.5,NaN,20.08249664,0.786000013,0.015,0.028
386.00,143.801,331.5,NaN,20.07942963,0.786000013,0.009,0.021
387.00,143.590,332.4,NaN,20.07730293,0.786000013,0.013,0.024
388.00,143.320,325.2,NaN,20.07710838,0.787,0.017000001,0.024
389.00,143.130,322.0,NaN,20.07687759,0.787,0.013,0.023
390.00,142.990,330.2,NaN,20.0780468,0.787,0.017999999,0.022
391.00,142.750,328.6,NaN,20.07954407,0.786000013,0.016000001,0.029
392.00,142.610,326.2,NaN,20.07801247,0.786000013,0.013,0.024
393.00,142.410,323.3,NaN,20.07939148,0.785000026,0.009,0.024
394.00,142.210,328.3,NaN,20.08234787,0.785000026,0.01,0.025
395.00,142.040,321.8,NaN,20.08111191,0.786000013,0.01,0.026
396.00,141.840,325.8,NaN,20.07609367,0.787,0.01,0.026
397.00,141.640,334.3,NaN,20.07183266,0.787999988,0.003,0.025
398.00,141.430,333.4,NaN,20.06870651,0.788999975,0.012,0.020
399.00,141.210,338.6,NaN,20.06561279,0.790000021,0.002,0.024
400.00,141.030,331.0,NaN,20.06295967,0.792999983,0.012,0.020
401.00,140.860,330.6,NaN,20.05872536,0.795000017,0.01,0.022
402.00,140.650,341.6,NaN,20.0578537,0.796999991,0.001,0.020
403.00,140.460,340.0,NaN,20.05521011,0.797999978,0.01,0.020
404.00,140.290,334.7,NaN,20.05262184,0.800000012,0.009,0.032
405.00,140.110,333.6,NaN,20.05311775,0.800000012,0.005,0.030
406.00,139.880,332.3,NaN,20.05633545,0.800999999,0.01,0.022
407.00,139.720,333.1,NaN,20.05853653,0.800999999,0.014,0.019
408.00,139.520,327.6,NaN,20.05937576,0.800999999,0.009,0.023
409.00,139.340,337.0,NaN,20.05743408,0.800999999,0.005,0.020
410.00,139.120,332.5,NaN,20.0566082,0.800999999,0.001,0.028
411.00,138.980,331.7,NaN,20.0580864,0.800000012,0.001,0.025
412.00,138.770,332.6,NaN,20.06069374,0.800000012,0.001,0.023
413.00,138.530,333.3,NaN,20.06254578,0.800000012,0.009,0.024
414.00,138.370,329.7,NaN,20.06067276,0.800999999,0.014,0.026
415.00,138.189,332.7,NaN,20.05895042,0.800999999,0.017999999,0.019
416.00,138.019,335.6,NaN,20.05647659,0.801999986,0.014,0.020
417.00,137.769,349.6,NaN,20.0532074,0.801999986,0,0.021
418.00,137.649,336.7,NaN,20.05400467,0.800999999,0.003,0.021
419.00,137.439,334.8,NaN,20.05689812,0.800000012,0.004,0.023
420.00,137.209,333.0,NaN,20.062397,0.799000025,0.003,0.021
421.00,137.039,337.2,NaN,20.06580353,0.796999991,0.002,0.018
422.00,136.889,327.2,NaN,20.0690155,0.796999991,0.02,0.020
423.00,136.649,338.1,NaN,20.06884575,0.796000004,0.015,0.023
424.00,136.449,333.9,NaN,20.06798553,0.796000004,0.012,0.019
425.00,136.279,333.4,NaN,20.06677437,0.795000017,0,0.022
426.00,136.109,328.8,NaN,20.06642342,0.795000017,0,0.019
427.00,135.889,329.7,NaN,20.06784439,0.795000017,0.015,0.018
428.00,135.699,330.0,NaN,20.07007408,0.796999991,0.022,0.020
429.00,135.489,330.3,NaN,20.06988716,0.799000025,0.012,0.027
430.00,135.289,333.4,NaN,20.06432724,0.799000025,0.005,0.021
431.00,135.179,331.3,NaN,20.0607605,0.800000012,0.013,0.024
432.00,134.939,332.8,NaN,20.06104851,0.800000012,0,0.026
433.00,134.759,326.2,NaN,20.06329346,0.799000025,0.006,0.019
434.00,134.549,334.6,NaN,20.06363869,0.799000025,0.01,0.025
435.00,134.369,325.4,NaN,20.0625248,0.799000025,0.007,0.019
436.00,134.179,331.8,NaN,20.06468201,0.799000025,0.009,0.023
437.00,134.029,331.0,NaN,20.06498718,0.797999978,0.005,0.024
438.00,133.809,329.9,NaN,20.06561661,0.796999991,0.002,0.029
439.00,133.679,327.9,NaN,20.06821823,0.796000004,0.002,0.025
440.00,133.459,323.3,NaN,20.07045746,0.796000004,0.006,0.023
441.00,133.259,329.6,NaN,20.0675621,0.796999991,0.01,0.023
442.00,133.059,341.1,NaN,20.0652256,0.797999978,0.012,0.024
443.00,132.899,337.0,NaN,20.06001472,0.799000025,0.009,0.019
444.00,132.678,326.0,NaN,20.0583744,0.799000025,0.012,0.024
445.00,132.478,334.5,NaN,20.05830002,0.797999978,0.013,0.028
446.00,132.228,327.7,NaN,20.05935669,0.797999978,0.003,0.023
447.00,132.018,335.8,NaN,20.05924034,0.799000025,0.004,0.027
448.00,131.888,337.5,NaN,20.06130409,0.797999978,0.003,0.023
449.00,131.698,331.4,NaN,20.06199265,0.796999991,0.001,0.026
450.00,131.528,331.9,NaN,20.06453896,0.796999991,0.005,0.030
451.00,131.308,337.6,NaN,20.0658226,0.795000017,0.004,0.024
452.00,131.138,333.4,NaN,20.06874847,0.795000017,0.01,0.029
453.00,130.908,332.8,NaN,20.06873894,0.795000017,0.017000001,0.032
454.00,130.798,326.8,NaN,20.06964111,0.795000017,0.018999999,0.026
455.00,130.558,326.0,NaN,20.07038879,0.795000017,0.021,0.025
456.00,130.368,325.7,NaN,20.06805229,0.796000004,0.013,0.026
457.00,130.188,331.9,NaN,20.06803703,0.795000017,0.01,0.028
458.00,129.978,326.2,NaN,20.06874275,0.795000017,0.012,0.027
459.00,129.778,327.5,NaN,20.06914139,0.796000004,0.017999999,0.023
460.00,129.598,332.1,NaN,20.06644058,0.795000017,0.003,0.024
461.00,129.418,329.5,NaN,20.0660553,0.795000017,0.01,0.023
462.00,129.228,324.2,NaN,20.06565285,0.795000017,0.011,0.024
463.00,129.038,329.5,NaN,20.06489563,0.796000004,0.012,0.022
464.00,128.858,335.6,NaN,20.06341362,0.796999991,0.016000001,0.017
465.00,128.678,337.2,NaN,20.06058121,0.796999991,0.01,0.026
466.00,128.438,331.9,NaN,20.05968857,0.796000004,0.006,0.025
467.00,128.258,330.3,NaN,20.06136703,0.795000017,0.008,0.024
468.00,128.098,338.7,NaN,20.06253624,0.79400003,0.002,0.027
469.00,127.928,323.9,NaN,20.06566811,0.79400003,0.008,0.024
470.00,127.708,328.9,NaN,20.06614876,0.792999983,0.001,0.023
471.00,127.498,331.5,NaN,20.06595802,0.791999996,0,0.026
472.00,127.348,326.1,NaN,20.06859589,0.791000009,0.01,0.025
473.00,127.107,332.0,NaN,20.07072258,0.791000009,0.023,0.028
474.00,126.917,322.8,NaN,20.07188606,0.791000009,0.015,0.024
475.00,126.767,332.5,NaN,20.06966019,0.791000009,0.008,0.022
476.00,126.567,325.8,NaN,20.07139587,0.790000021,0.003,0.017
477.00,126.417,336.8,NaN,20.0702095,0.791000009,0.015,0.019
478.00,126.187,327.5,NaN,20.06810188,0.791000009,0.005,0.021
479.00,126.007,321.0,NaN,20.06853294,0.790000021,0.008,0.021
480.00,125.817,329.7,NaN,20.06883812,0.790000021,0.008,0.021
481.00,125.637,333.6,NaN,20.07155609,0.791000009,0.007,0.022
482.00,125.457,330.3,NaN,20.06830025,0.790000021,0.002,0.025
483.00,125.217,328.8,NaN,20.06769371,0.791000009,0.001,0.027
484.00,125.067,335.9,NaN,20.06731224,0.791000009,0.001,0.024
485.00,124.887,327.8,NaN,20.06604958,0.792999983,0.017999999,0.020
486.00,124.707,324.2,NaN,20.06386185,0.79400003,0.017999999,0.022
487.00,124.457,336.2,NaN,20.06159592,0.796000004,0.011,0.025
488.00,124.297,330.2,NaN,20.05841255,0.796000004,0.009,0.025
489.00,124.097,325.8,NaN,20.05737495,0.797999978,0.013,0.022
490.00,123.877,334.1,NaN,20.0547142,0.799000025,0.017000001,0.017
491.00,123.737,331.1,NaN,20.05560684,0.799000025,0.006,0.023
492.00,123.467,339.1,NaN,20.05332756,0.799000025,0.024,0.024
493.00,123.287,332.9,NaN,20.05680847,0.799000025,0.013,0.024
494.00,123.127,336.4,NaN,20.05753326,0.797999978,0.017000001,0.024
495.00,122.927,338.4,NaN,20.05820084,0.796999991,0.022,0.016
496.00,122.787,331.0,NaN,20.06265068,0.796000004,0.016000001,0.021
497.00,122.537,334.8,NaN,20.06444931,0.795000017,0.012,0.026
498.00,122.347,329.1,NaN,20.06553841,0.795000017,0.008,0.020
499.00,122.187,333.5,NaN,20.06818771,0.79400003,0.007,0.023
500.00,122.017,329.9,NaN,20.06687546,0.79400003,0.002,0.020
501.00,121.817,329.3,NaN,20.06656456,0.792999983,0,0.016
502.00,121.576,331.0,NaN,20.06780434,0.792999983,0.003,0.023
503.00,121.416,331.8,NaN,20.06518173,0.79400003,0.008,0.019
504.00,121.206,331.2,NaN,20.06278992,0.795000017,0.013,0.018
505.00,120.986,342.0,NaN,20.05811882,0.795000017,0.014,0.020
506.00,120.826,331.6,NaN,20.05490494,0.796000004,0.017999999,0.023
507.00,120.606,337.7,NaN,20.05632782,0.796000004,0.007,0.020
508.00,120.396,330.7,NaN,20.05597496,0.796000004,0.001,0.014
509.00,120.246,330.8,NaN,20.05682755,0.796000004,0.008,0.016
510.00,119.996,330.4,NaN,20.05711365,0.796999991,0.02,0.021
511.00,119.836,332.1,NaN,20.05909729,0.796999991,0.016000001,0.018
512.00,119.666,334.4,NaN,20.05735207,0.797999978,0.001,0.019
513.00,119.486,337.9,NaN,20.05307961,0.797999978,0.002,0.019
514.00,119.256,334.8,NaN,20.05058098,0.797999978,0.013,0.017
515.00,119.066,334.1,NaN,20.05171204,0.797999978,0.014,0.021
516.00,118.846,319.2,NaN,20.05538368,0.799000025,0.011,0.018
517.00,118.726,332.0,NaN,20.05835915,0.799000025,0.01,0.013
518.00,118.536,336.2,NaN,20.05821991,0.799000025,0.006,0.022
519.00,118.326,341.2,NaN,20.05737114,0.800000012,0.024,0.020
520.00,118.166,335.3,NaN,20.05785751,0.799000025,0.017000001,0.020
521.00,118.006,336.2,NaN,20.05664825,0.799000025,0.011,0.017
522.00,117.766,330.9,NaN,20.05714798,0.797999978,0.009,0.018
523.00,117.606,329.6,NaN,20.05927086,0.796999991,0.007,0.024
524.00,117.406,334.7,NaN,20.05970383,0.796000004,0.015,0.022
525.00,117.206,327.5,NaN,20.06545067,0.795000017,0.011,0.023
526.00,117.046,320.7,NaN,20.06609726,0.79400003,0.002,0.027
527.00,116.856,334.3,NaN,20.06668854,0.79400003,0.005,0.021
528.00,116.656,329.4,NaN,20.06478119,0.79400003,0.015,0.017
529.00,116.406,327.4,NaN,20.06176376,0.796000004,0.022,0.017
530.00,116.186,329.6,NaN,20.05784416,0.797999978,0.009,0.023
531.00,116.085,335.6,NaN,20.05255508,0.799000025,0.012,0.027
532.00,115.905,337.9,NaN,20.05084801,0.800999999,0.011,0.019
533.00,115.675,338.4,NaN,20.05013657,0.800999999,0.009,0.019
534.00,115.545,330.1,NaN,20.04940987,0.800999999,0.009,0.018
535.00,115.385,334.4,NaN,20.05163574,0.800999999,0.003,0.025
536.00,115.015,328.0,NaN,20.05264473,0.800999999,0.003,0.017
537.00,115.035,328.6,NaN,20.05562592,0.800000012,0.004,0.021
538.00,114.755,328.7,NaN,20.05797195,0.800999999,0.011,0.014
539.00,114.615,328.9,NaN,20.05624771,0.800999999,0.017999999,0.017
540.00,114.375,327.8,NaN,20.0559597,0.802999973,0.01,0.018
541.00,114.215,330.1,NaN,20.05386734,0.80400002,0.006,0.021
542.00,114.005,337.7,NaN,20.05309868,0.802999973,0.006,0.024
543.00,113.805,340.2,NaN,20.05371094,0.802999973,0.01,0.019
544.00,113.585,330.7,NaN,20.0538044,0.800999999,0.008,0.019
545.00,113.485,340.6,NaN,20.05789566,0.800999999,0.013,0.011
546.00,113.225,330.9,NaN,20.05933952,0.800999999,0.027000001,0.021
547.00,113.025,336.0,NaN,20.05739021,0.800000012,0.013,0.020
548.00,112.865,324.3,NaN,20.05751801,0.800000012,0.002,0.016
549.00,112.705,333.6,NaN,20.05609894,0.799000025,0.003,0.021
550.00,112.545,334.3,NaN,20.05634117,0.797999978,0.003,0.022
551.00,112.275,331.1,NaN,20.05783844,0.796999991,0.009,0.015
552.00,112.125,323.4,NaN,20.06052017,0.795000017,0,0.015
553.00,111.945,330.3,NaN,20.0634079,0.795000017,0.009,0.012
554.00,111.745,329.8,NaN,20.06150627,0.795000017,0.011,0.012
555.00,111.545,331.0,NaN,20.05900574,0.795000017,0.009,0.017
556.00,111.365,325.2,NaN,20.05878448,0.79400003,0.009,0.014
557.00,111.145,335.0,NaN,20.0596981,0.791999996,0.007,0.018
558.00,110.975,340.2,NaN,20.06301689,0.790000021,0.001,0.018
559.00,110.785,332.4,NaN,20.06470108,0.788999975,0.01,0.018
560.00,110.584,326.9,NaN,20.06643486,0.790000021,0.024,0.019
561.00,110.374,320.5,NaN,20.07065201,0.790000021,0.009,0.022
562.00,110.174,327.2,NaN,20.07012558,0.791999996,0.012,0.022
563.00,109.994,331.4,NaN,20.06363678,0.79400003,0.008,0.019
564.00,109.744,329.4,NaN,20.05878639,0.795000017,0.006,0.016
565.00,109.564,333.0,NaN,20.05640221,0.795000017,0.002,0.022
566.00,109.404,332.0,NaN,20.05568314,0.796000004,0.008,0.020
567.00,109.224,329.4,NaN,20.05621719,0.796999991,0.018999999,0.020
568.00,109.024,327.5,NaN,20.05578995,0.796999991,0.02,0.015
569.00,108.854,332.7,NaN,20.05727768,0.796999991,0.007,0.023
570.00,108.664,333.0,NaN,20.05753517,0.796000004,0.005,0.014
571.00,108.484,329.8,NaN,20.05795288,0.796000004,0.002,0.019
572.00,108.244,332.1,NaN,20.0594368,0.795000017,0.004,0.017
573.00,108.064,327.6,NaN,20.06030464,0.795000017,0.011,0.014
574.00,107.864,330.0,NaN,20.06030083,0.795000017,0.004,0.018
575.00,107.704,333.3,NaN,20.06062889,0.79400003,0.005,0.018
576.00,107.504,324.3,NaN,20.06046295,0.79400003,0.009,0.021
577.00,107.314,329.4,NaN,20.06319046,0.795000017,0.002,0.021
578.00,107.094,332.8,NaN,20.06039429,0.796000004,0.021,0.019
579.00,106.904,329.0,NaN,20.06051826,0.796000004,0.009,0.019
580.00,106.744,326.6,NaN,20.06194305,0.796000004,0.002,0.022
581.00,106.584,332.9,NaN,20.05986023,0.795000017,0.011,0.012
582.00,106.384,337.7,NaN,20.0616951,0.79400003,0.012,0.015
583.00,106.214,324.8,NaN,20.06245422,0.791999996,0.006,0.020
584.00,106.064,324.3,NaN,20.06779099,0.788999975,0.003,0.014
585.00,105.824,325.5,NaN,20.07327843,0.787999988,0.006,0.018
586.00,105.604,329.7,NaN,20.07458115,0.787,0.001,0.011
587.00,105.424,325.3,NaN,20.07528114,0.787,0.007,0.017
588.00,105.284,328.5,NaN,20.07215691,0.787,0.002,0.025
589.00,105.063,329.9,NaN,20.0716095,0.787999988,0,0.022
590.00,104.873,329.6,NaN,20.0694313,0.787999988,0.001,0.006
591.00,104.713,328.1,NaN,20.06708527,0.787999988,0.003,0.011
592.00,104.463,331.2,NaN,20.06972504,0.787999988,0.008,0.021
593.00,104.363,332.1,NaN,20.06952667,0.787999988,0.012,0.021
594.00,104.153,335.5,NaN,20.07110023,0.787,0.016000001,0.017
595.00,103.963,319.1,NaN,20.07118988,0.785000026,0.001,0.012
596.00,103.763,322.0,NaN,20.07218552,0.783999979,0.008,0.017
597.00,103.573,321.7,NaN,20.0751915,0.782999992,0.004,0.016
598.00,103.433,328.1,NaN,20.07684135,0.782999992,0.012,0.012
599.00,103.193,331.9,NaN,20.07657814,0.783999979,0.012,0.014
600.00,103.033,339.1,NaN,20.07322502,0.783999979,0.005,0.018
601.00,102.833,326.3,NaN,20.07263565,0.783999979,0.002,0.015
602.00,102.653,327.5,NaN,20.07061005,0.782999992,0.002,0.023
603.00,102.433,326.1,NaN,20.07073784,0.782000005,0.011,0.017
604.00,102.263,320.1,NaN,20.07465744,0.781000018,0.023,0.012
605.00,102.103,319.3,NaN,20.08148575,0.779999971,0.007,0.021
606.00,101.963,318.9,NaN,20.08330727,0.779999971,0,0.020
607.00,101.743,327.5,NaN,20.08152771,0.779999971,0.003,0.017
608.00,101.593,328.1,NaN,20.07804108,0.779999971,0.006,0.011
609.00,101.383,319.6,NaN,20.07606888,0.779999971,0.009,0.021
610.00,101.233,333.7,NaN,20.07543945,0.779999971,0.014,0.014
611.00,100.983,325.1,NaN,20.07612991,0.779999971,0.014,0.011
612.00,100.823,318.7,NaN,20.07631683,0.779999971,0.007,0.012
613.00,100.633,326.3,NaN,20.07427597,0.778999984,0.002,0.012
614.00,100.463,322.5,NaN,20.07499504,0.779999971,0.01,0.018
615.00,100.263,325.9,NaN,20.07669449,0.781000018,0.009,0.016
616.00,100.053,327.4,NaN,20.0739212,0.782000005,0.014,0.018
617.00,99.843,328.4,NaN,20.06957817,0.782999992,0.01,0.012
618.00,99.693,330.7,NaN,20.06752396,0.782999992,0.021,0.009
619.00,99.432,332.6,NaN,20.069664,0.782999992,0.017999999,0.010
620.00,99.352,325.5,NaN,20.07133293,0.782999992,0.011,0.013
621.00,99.122,333.1,NaN,20.07366371,0.782000005,0.016000001,0.013
622.00,98.942,326.0,NaN,20.07291031,0.782000005,0.013,0.015
623.00,98.702,323.4,NaN,20.0738163,0.781000018,0.006,0.014
624.00,98.552,322.5,NaN,20.0765686,0.779999971,0.008,0.013
625.00,98.452,330.7,NaN,20.07933044,0.777999997,0.005,0.016
626.00,98.222,319.2,NaN,20.07966423,0.77700001,0.009,0.011
627.00,98.082,313.1,NaN,20.08332253,0.774999976,0.002,0.012
628.00,97.902,322.3,NaN,20.08385468,0.774999976,0.001,0.020
629.00,97.702,321.8,NaN,20.08555603,0.774999976,0.009,0.018
630.00,97.492,326.1,NaN,20.08346939,0.774999976,0.016000001,0.017
631.00,97.332,321.6,NaN,20.0810833,0.773999989,0.021,0.014
632.00,97.082,324.0,NaN,20.08203888,0.773000002,0.001,0.014
633.00,96.922,319.9,NaN,20.08394241,0.773000002,0.012,0.013
634.00,96.722,321.2,NaN,20.08706284,0.773999989,0.011,0.011
635.00,96.602,318.9,NaN,20.08617783,0.774999976,0.005,0.012
636.00,96.372,326.9,NaN,20.08319664,0.776000023,0.004,0.014
637.00,96.212,316.3,NaN,20.07810783,0.776000023,0.02,0.015
638.00,96.002,320.4,NaN,20.07560158,0.776000023,0.009,0.013
639.00,95.872,329.9,NaN,20.07819939,0.776000023,0.005,0.020
640.00,95.702,327.2,NaN,20.08051682,0.77700001,0,0.013
641.00,95.492,318.4,NaN,20.07959175,0.77700001,0.004,0.016
642.00,95.302,324.6,NaN,20.07994461,0.77700001,0.008,0.016
643.00,95.092,320.4,NaN,20.08055496,0.776000023,0.009,0.018
644.00,94.972,317.8,NaN,20.08257675,0.774999976,0.007,0.015
645.00,94.752,322.3,NaN,20.08598709,0.773000002,0.002,0.014
646.00,94.582,319.5,NaN,20.08916092,0.773000002,0.001,0.010
647.00,94.392,312.9,NaN,20.09051132,0.773000002,0.005,0.016
648.00,94.212,323.7,NaN,20.09136009,0.773000002,0.007,0.012
649.00,93.991,311.2,NaN,20.089571,0.773000002,0.01,0.013
650.00,93.881,317.8,NaN,20.09255791,0.773000002,0.003,0.013
651.00,93.691,314.4,NaN,20.09283066,0.772000015,0.002,0.014
652.00,93.481,312.4,NaN,20.09358788,0.771000028,0.011,0.016
653.00,93.251,319.0,NaN,20.09397507,0.771000028,0.016000001,0.027
654.00,93.131,323.6,NaN,20.09305763,0.771000028,0.027000001,0.017
655.00,92.951,322.4,NaN,20.09356308,0.771000028,0.013,0.018
656.00,92.781,315.2,NaN,20.09498405,0.771000028,0.022,0.012
657.00,92.551,318.9,NaN,20.09381485,0.771000028,0.028000001,0.015
658.00,92.381,318.2,NaN,20.09586716,0.768999994,0.007,0.016
659.00,92.171,317.4,NaN,20.09574127,0.768000007,0.009,0.013
660.00,92.011,322.4,NaN,20.09617615,0.76700002,0.009,0.009
661.00,91.761,319.4,NaN,20.09953308,0.765999973,0.012,0.006
662.00,91.611,314.6,NaN,20.10032463,0.764999986,0.004,0.011
663.00,91.451,316.6,NaN,20.09633446,0.764999986,0.011,0.011
664.00,91.221,314.3,NaN,20.09746933,0.763999999,0.015,0.021
665.00,91.031,309.6,NaN,20.10047913,0.763000011,0.009,0.013
666.00,90.911,318.4,NaN,20.10149384,0.763000011,0.013,0.015
667.00,90.731,310.9,NaN,20.09906006,0.763000011,0.011,0.012
668.00,90.521,316.5,NaN,20.0984745,0.763999999,0.001,0.020
669.00,90.281,318.2,NaN,20.0982933,0.763000011,0.012,0.013
670.00,90.181,325.5,NaN,20.09859848,0.763000011,0.017999999,0.013
671.00,89.981,315.6,NaN,20.09921455,0.763000011,0.017000001,0.016
672.00,89.801,311.4,NaN,20.10118294,0.763000011,0.013,0.012
673.00,89.631,322.1,NaN,20.10089302,0.763000011,0.001,0.020
674.00,89.441,315.2,NaN,20.09967041,0.763000011,0.004,0.013
675.00,89.251,318.7,NaN,20.10114098,0.763000011,0.004,0.011
676.00,89.081,313.7,NaN,20.10053825,0.763000011,0.011,0.017
677.00,88.901,318.6,NaN,20.09913254,0.763999999,0.014,0.011
678.00,88.701,318.6,NaN,20.09814262,0.764999986,0.006,0.017
679.00,88.510,316.0,NaN,20.0961132,0.765999973,0.01,0.015
680.00,88.290,324.8,NaN,20.09196663,0.768999994,0.021,0.017
681.00,88.190,315.4,NaN,20.09064484,0.769999981,0.012,0.008
682.00,87.990,323.0,NaN,20.08932114,0.769999981,0.007,0.011
683.00,87.800,327.5,NaN,20.08878708,0.768999994,0.001,0.010
684.00,87.650,314.0,NaN,20.09268951,0.768999994,0.007,0.008
685.00,87.420,319.0,NaN,20.09498405,0.768999994,0.01,0.006
686.00,87.280,317.2,NaN,20.09545708,0.768999994,0.004,0.009
687.00,87.050,324.6,NaN,20.09186554,0.769999981,0.005,0.008
688.00,86.920,318.4,NaN,20.08685875,0.769999981,0.003,0.011
689.00,86.710,317.9,NaN,20.08640289,0.771000028,0.015,0.013
690.00,86.530,320.9,NaN,20.08662987,0.771000028,0.014,0.011
691.00,86.330,320.6,NaN,20.08692551,0.771000028,0.01,0.011
692.00,86.180,317.8,NaN,20.08860779,0.769999981,0.005,0.017
693.00,86.050,329.9,NaN,20.08944321,0.768999994,0.006,0.003
694.00,85.820,320.3,NaN,20.09104156,0.768000007,0.009,0.017
695.00,85.600,313.8,NaN,20.09409142,0.76700002,0.008,0.010
696.00,85.420,316.7,NaN,20.09604645,0.76700002,0.008,0.012
697.00,85.190,323.5,NaN,20.09800339,0.76700002,0.017999999,0.003
698.00,85.050,308.9,NaN,20.09661484,0.768000007,0.011,0.010
699.00,84.880,319.2,NaN,20.09598923,0.768999994,0.007,0.007
700.00,84.730,320.0,NaN,20.09332848,0.768999994,0.006,0.008
701.00,84.540,315.4,NaN,20.09361649,0.768000007,0.001,0.009
702.00,84.340,317.3,NaN,20.09571457,0.765999973,0.006,0.008
703.00,84.170,312.9,NaN,20.09890747,0.764999986,0.004,0.012
704.00,83.960,312.5,NaN,20.1039238,0.763999999,0.006,0.012
705.00,83.820,312.2,NaN,20.10647011,0.763000011,0.001,0.016
706.00,83.680,317.3,NaN,20.10821533,0.762000024,0.007,0.014
707.00,83.450,316.4,NaN,20.10447502,0.762000024,0.01,0.010
708.00,83.250,307.9,NaN,20.10240936,0.760999978,0.002,0.012
709.00,83.109,312.4,NaN,20.10482788,0.75999999,0.015,0.013
710.00,82.889,314.4,NaN,20.10599899,0.759000003,0.017999999,0.011
711.00,82.759,310.9,NaN,20.10510445,0.758000016,0.007,0.009
712.00,82.559,311.3,NaN,20.10924149,0.757000029,0.006,0.008
713.00,82.389,314.6,NaN,20.10998535,0.754999995,0.003,0.014
714.00,82.229,315.2,NaN,20.11199951,0.754999995,0.002,0.014
715.00,81.999,307.2,NaN,20.11424828,0.754999995,0.017000001,0.003
716.00,81.879,312.5,NaN,20.11384773,0.754999995,0.006,0.014
717.00,81.669,309.7,NaN,20.11231613,0.755999982,0.001,0.003
718.00,81.449,314.2,NaN,20.10773468,0.755999982,0.003,0.010
719.00,81.309,315.7,NaN,20.10553169,0.757000029,0.001,0.011
720.00,81.149,310.3,NaN,20.10517883,0.757000029,0.009,0.009
721.00,80.999,313.5,NaN,20.10681534,0.758000016,0.014,0.007
722.00,80.759,318.7,NaN,20.10434914,0.758000016,0.009,0.016
723.00,80.599,320.9,NaN,20.10239029,0.758000016,0.004,0.009
724.00,80.409,312.8,NaN,20.10194969,0.758000016,0.004,0.010
725.00,80.159,311.0,NaN,20.10400963,0.758000016,0.011,0.011
726.00,79.989,322.2,NaN,20.1028614,0.75999999,0.014,0.009
727.00,79.799,315.1,NaN,20.09740639,0.760999978,0.007,0.015
728.00,79.649,324.2,NaN,20.09321404,0.762000024,0.002,0.011
729.00,79.459,324.5,NaN,20.09168434,0.760999978,0.005,0.011
730.00,79.319,318.0,NaN,20.09301186,0.760999978,0.002,0.007
731.00,79.159,321.2,NaN,20.09527016,0.75999999,0.005,0.021
732.00,78.929,316.1,NaN,20.09627533,0.760999978,0.009,0.019
733.00,78.799,319.1,NaN,20.09754944,0.75999999,0.001,0.011
734.00,78.539,318.1,NaN,20.09968758,0.759000003,0.002,0.010
735.00,78.379,314.5,NaN,20.09892654,0.759000003,0.013,0.009
736.00,78.279,313.9,NaN,20.10048676,0.759000003,0.022,0.005
737.00,78.049,320.6,NaN,20.10159683,0.75999999,0.01,0.008
738.00,77.869,321.0,NaN,20.09817123,0.760999978,0.005,0.012
739.00,77.609,313.6,NaN,20.0966301,0.763000011,0.011,0.012
740.00,77.418,319.7,NaN,20.09374619,0.763999999,0.007,0.008
741.00,77.258,320.4,NaN,20.09057808,0.764999986,0.004,0.020
742.00,77.108,317.0,NaN,20.08728218,0.765999973,0,0.014
743.00,76.918,316.7,NaN,20.08428764,0.764999986,0.007,0.016
744.00,76.718,316.1,NaN,20.08658409,0.763999999,0.002,0.006
745.00,76.558,320.9,NaN,20.08975792,0.763000011,0.001,0.009
746.00,76.398,317.2,NaN,20.09506035,0.762000024,0.011,0.012
747.00,76.178,313.4,NaN,20.09768677,0.760999978,0.012,0.001
748.00,76.028,315.3,NaN,20.09988594,0.760999978,0.011,0.018
749.00,75.818,313.9,NaN,20.09930801,0.75999999,0.012,0.011
750.00,75.658,312.3,NaN,20.10121155,0.758000016,0.004,0.009
751.00,75.538,314.9,NaN,20.10221672,0.757000029,0.007,0.006
752.00,75.328,309.5,NaN,20.10456848,0.755999982,0.011,0.014
753.00,75.138,315.6,NaN,20.10798454,0.754999995,0.007,0.016
754.00,74.948,315.3,NaN,20.10611725,0.755999982,0.001,0.013
755.00,74.798,320.8,NaN,20.1048069,0.755999982,0.005,0.016
756.00,74.548,314.9,NaN,20.1010704,0.757000029,0,0.012
757.00,74.468,315.8,NaN,20.09992599,0.757000029,0.004,0.014
758.00,74.278,320.6,NaN,20.09901237,0.758000016,0.002,0.010
759.00,74.118,316.4,NaN,20.0954895,0.757000029,0.006,0.010
760.00,73.928,322.3,NaN,20.09536743,0.758000016,0.011,0.014
761.00,73.688,318.0,NaN,20.09568024,0.758000016,0.005,0.014
762.00,73.558,315.6,NaN,20.0973587,0.759000003,0.006,0.007
763.00,73.398,322.0,NaN,20.0971489,0.759000003,0.002,0.013
764.00,73.198,317.8,NaN,20.0971489,0.75999999,0.003,0.009
765.00,72.948,325.1,NaN,20.09671974,0.759000003,0.006,0.016
766.00,72.798,310.7,NaN,20.09608459,0.758000016,0.005,0.013
767.00,72.618,317.8,NaN,20.10142708,0.755999982,0.007,0.018
768.00,72.458,313.9,NaN,20.10444832,0.754999995,0.003,0.019
769.00,72.198,310.0,NaN,20.10724831,0.754999995,0.009,0.012
770.00,72.158,314.8,NaN,20.1107769,0.754999995,0.007,0.014
771.00,71.937,312.9,NaN,20.11020851,0.755999982,0.007,0.011
772.00,71.747,309.8,NaN,20.10764503,0.755999982,0.011,0.009
773.00,71.567,311.7,NaN,20.10543633,0.757000029,0.012,0.007
774.00,71.377,314.3,NaN,20.10285378,0.757000029,0.015,0.011
775.00,71.197,316.2,NaN,20.10351944,0.757000029,0.008,0.008
776.00,71.027,308.0,NaN,20.10379028,0.757000029,0.006,0.011
777.00,70.827,316.8,NaN,20.10544968,0.758000016,0.014,0.013
778.00,70.677,314.4,NaN,20.10541916,0.759000003,0.01,0.012
779.00,70.537,317.1,NaN,20.10259056,0.759000003,0.002,0.010
780.00,70.337,316.0,NaN,20.0975399,0.759000003,0.005,0.009
781.00,70.147,313.8,NaN,20.09417534,0.759000003,0.009,0.010
782.00,69.917,315.9,NaN,20.09493637,0.758000016,0.002,0.014
783.00,69.787,314.0,NaN,20.09799957,0.757000029,0,0.013
784.00,69.577,313.6,NaN,20.09893608,0.755999982,0.005,0.007
785.00,69.367,311.7,NaN,20.09900093,0.757000029,0.01,0.012
786.00,69.287,309.5,NaN,20.09746361,0.758000016,0.016000001,0.003
787.00,69.027,315.8,NaN,20.09584808,0.758000016,0.013,0.008
788.00,68.807,316.0,NaN,20.09568977,0.758000016,0.014,0.006
789.00,68.667,323.1,NaN,20.09431839,0.758000016,0.011,0.010
790.00,68.457,316.7,NaN,20.0962429,0.757000029,0.009,0.009
791.00,68.307,317.8,NaN,20.09863663,0.754999995,0,0.007
792.00,68.087,316.2,NaN,20.0994854,0.754999995,0.003,0.011
793.00,67.997,314.2,NaN,20.1035862,0.754000008,0.016000001,0.006
794.00,67.767,310.4,NaN,20.107687,0.754000008,0.027000001,0.002
795.00,67.547,307.9,NaN,20.1092701,0.754000008,0.017999999,0.011
796.00,67.357,312.5,NaN,20.1075058,0.754000008,0.002,0.004
797.00,67.197,308.4,NaN,20.10621071,0.753000021,0.002,0.007
798.00,67.047,308.9,NaN,20.10693741,0.753000021,0.006,0.012
799.00,66.877,312.5,NaN,20.107687,0.753000021,0.01,0.009
800.00,66.707,309.0,NaN,20.10843086,0.753000021,0.007,0.012
801.00,66.526,311.7,NaN,20.10843086,0.753000021,0.003,0.007
802.00,66.376,313.9,NaN,20.10850716,0.753000021,0,0.014
803.00,66.156,315.3,NaN,20.10830688,0.753000021,0.01,0.010
804.00,66.026,316.2,NaN,20.1086998,0.753000021,0.004,0.011
805.00,65.796,309.2,NaN,20.10806847,0.751999974,0.002,0.010
806.00,65.656,311.8,NaN,20.10804939,0.753000021,0.011,0.007
807.00,65.416,314.1,NaN,20.10805511,0.754999995,0.008,0.011
808.00,65.216,318.2,NaN,20.10748291,0.757000029,0.007,0.011
809.00,65.126,315.6,NaN,20.10051727,0.758000016,0.007,0.012
810.00,64.926,316.8,NaN,20.09663391,0.758000016,0.004,0.010
811.00,64.756,315.9,NaN,20.09235191,0.758000016,0.012,0.011
812.00,64.526,314.6,NaN,20.09525108,0.758000016,0.007,0.011
813.00,64.376,313.2,NaN,20.098629,0.755999982,0.002,0.012
814.00,64.196,312.3,NaN,20.09937286,0.754999995,0.004,0.010
815.00,64.016,313.5,NaN,20.10416222,0.754000008,0.006,0.014
816.00,63.806,321.5,NaN,20.10600281,0.754000008,0.014,0.010
817.00,63.586,310.8,NaN,20.10933685,0.754000008,0.017000001,0.006
818.00,63.456,314.9,NaN,20.10852242,0.754000008,0.014,0.011
819.00,63.246,323.7,NaN,20.1085186,0.755999982,0.004,0.011
820.00,63.136,322.7,NaN,20.10508347,0.757000029,0.004,0.008
821.00,62.896,315.9,NaN,20.10058403,0.758000016,0.017000001,0.011
822.00,62.726,311.5,NaN,20.09659576,0.758000016,0.014,0.012
823.00,62.476,313.0,NaN,20.09371567,0.758000016,0.011,0.003
824.00,62.336,317.0,NaN,20.09671974,0.759000003,0.025,0.007
825.00,62.106,312.0,NaN,20.10087204,0.759000003,0.007,0.011
826.00,61.966,314.4,NaN,20.09946823,0.759000003,0,0.006
827.00,61.776,317.9,NaN,20.10030174,0.760999978,0.015,0.004
828.00,61.596,320.9,NaN,20.09760094,0.762000024,0.028999999,0.006
829.00,61.386,315.0,NaN,20.09673882,0.763000011,0.002,0.010
830.00,61.196,319.3,NaN,20.09619713,0.763000011,0.006,0.009
831.00,61.065,321.1,NaN,20.09706306,0.763000011,0.003,0.015
832.00,60.765,323.2,NaN,20.09603691,0.763000011,0.011,0.002
833.00,60.655,312.7,NaN,20.09623528,0.762000024,0.012,0.009
834.00,60.455,309.9,NaN,20.09453011,0.760999978,0.004,0.007
835.00,60.275,314.9,NaN,20.09619141,0.75999999,0.001,0.014
836.00,60.115,316.8,NaN,20.09915161,0.75999999,0.01,0.007
837.00,59.915,311.0,NaN,20.10057259,0.75999999,0.01,0.011
838.00,59.815,317.3,NaN,20.0992527,0.75999999,0.01,0.013
839.00,59.655,314.1,NaN,20.09942436,0.75999999,0.001,0.010
840.00,59.425,319.1,NaN,20.09612846,0.75999999,0.011,0.003
841.00,59.255,318.7,NaN,20.09449959,0.760999978,0,0.004
842.00,59.065,314.3,NaN,20.09274864,0.762000024,0.008,0.007
843.00,58.905,323.0,NaN,20.09211349,0.763000011,0.007,0.004
844.00,58.725,316.3,NaN,20.08985329,0.763000011,0.012,0.007
845.00,58.525,322.7,NaN,20.09130669,0.762000024,0.001,0.009
846.00,58.295,316.3,NaN,20.09387398,0.762000024,0.002,0.008
847.00,58.075,316.4,NaN,20.09792137,0.760999978,0.007,0.008
848.00,57.945,308.4,NaN,20.09950066,0.760999978,0.014,0.008
849.00,57.815,315.9,NaN,20.09988785,0.760999978,0.01,0.008
850.00,57.595,320.8,NaN,20.10146332,0.762000024,0.01,0.012
851.00,57.415,318.8,NaN,20.10049629,0.763000011,0.004,0.016
852.00,57.235,311.0,NaN,20.09675789,0.763000011,0,0.005
853.00,57.085,315.8,NaN,20.09719276,0.763999999,0.005,0.012
854.00,56.895,316.3,NaN,20.09565353,0.764999986,0.005,0.007
855.00,56.665,319.2,NaN,20.09291458,0.76700002,0.004,0.002
856.00,56.475,318.5,NaN,20.09297371,0.768999994,0.005,0.007
857.00,56.275,319.1,NaN,20.09297371,0.771000028,0.001,0.001
858.00,56.075,327.5,NaN,20.08232307,0.772000015,0.01,0.003
859.00,55.905,323.4,NaN,20.08069229,0.772000015,0.005,0.002
860.00,55.725,326.4,NaN,20.08034515,0.771000028,0.001,0.007
861.00,55.575,325.7,NaN,20.08300209,0.771000028,0.001,0.004
862.00,55.434,324.0,NaN,20.08601952,0.769999981,0.004,0.010
863.00,55.264,315.9,NaN,20.08588219,0.768999994,0.004,0.006
864.00,54.984,324.9,NaN,20.08720589,0.769999981,0.006,-0.001
865.00,54.824,315.2,NaN,20.09176064,0.769999981,0.011,0.002
866.00,54.634,319.9,NaN,20.091259,0.771000028,0.013,-0.001
867.00,54.464,317.4,NaN,20.09097481,0.771000028,0.011,0.004
868.00,54.254,317.3,NaN,20.09085464,0.771000028,0.013,0.007
869.00,54.124,322.4,NaN,20.0883503,0.771000028,0,0.001
870.00,53.904,321.3,NaN,20.08861351,0.771000028,0.01,0.007
871.00,53.684,318.5,NaN,20.09030151,0.771000028,0.012,0.012
872.00,53.524,320.2,NaN,20.09122086,0.771000028,0.013,0.004
873.00,53.324,312.6,NaN,20.09090805,0.772000015,0.007,0.003
874.00,53.164,316.7,NaN,20.09031677,0.772000015,0,0.004
875.00,52.974,320.4,NaN,20.09031677,0.772000015,0.003,0.008
876.00,52.754,318.2,NaN,20.09114456,0.773000002,0.017000001,0.003
877.00,52.554,319.2,NaN,20.09145927,0.773999989,0.011,0.007
878.00,52.414,315.0,NaN,20.08844376,0.773999989,0.005,0.003
879.00,52.214,319.2,NaN,20.08885193,0.773999989,0.011,0.002
880.00,52.044,315.5,NaN,20.0892334,0.773999989,0.007,0.007
881.00,51.894,325.1,NaN,20.08953094,0.773999989,0.007,0.003
882.00,51.654,322.3,NaN,20.08733559,0.774999976,0.003,-0.004
883.00,51.484,316.8,NaN,20.08806992,0.776000023,0.001,0.005
884.00,51.264,319.0,NaN,20.08810425,0.77700001,0.001,0.007
885.00,51.134,315.6,NaN,20.0870266,0.77700001,0,0.005
886.00,50.914,321.9,NaN,20.08603096,0.777999997,0.002,-0.002
887.00,50.754,321.0,NaN,20.087183,0.777999997,0.011,-0.001
888.00,50.514,331.3,NaN,20.08684921,0.777999997,0.009,0.004
889.00,50.354,321.8,NaN,20.08725929,0.778999984,0.005,0.009
890.00,50.124,318.0,NaN,20.08514786,0.777999997,0.001,0.008
891.00,49.983,321.0,NaN,20.08918953,0.777999997,0.007,0.008
892.00,49.803,317.6,NaN,20.08725929,0.778999984,0.01,0.010
893.00,49.613,322.4,NaN,20.08571815,0.779999971,0.005,0.005
894.00,49.413,322.2,NaN,20.08208466,0.781000018,0.004,0.007
895.00,49.223,324.1,NaN,20.07889557,0.782999992,0.001,0.000
896.00,49.013,326.8,NaN,20.07343483,0.786000013,0.014,0.004
897.00,48.873,325.7,NaN,20.06987381,0.787,0.001,0.004
898.00,48.673,335.1,NaN,20.06793022,0.787,0.011,-0.006
899.00,48.493,321.3,NaN,20.06386185,0.787,0.017000001,0.000
900.00,48.263,322.4,NaN,20.06670761,0.787,0.017000001,0.002
901.00,48.093,327.7,NaN,20.06871986,0.787,0.017999999,0.006
902.00,47.883,324.0,NaN,20.07025909,0.787,0.012,0.005
903.00,47.733,328.1,NaN,20.07094574,0.786000013,0.01,-0.001
904.00,47.523,328.0,NaN,20.07182884,0.786000013,0.002,-0.002
905.00,47.313,321.0,NaN,20.07444191,0.785000026,0.001,0.004
906.00,47.103,324.5,NaN,20.07518196,0.786000013,0.001,0.006
907.00,46.993,325.2,NaN,20.07290649,0.787999988,0.006,0.001
908.00,46.753,328.4,NaN,20.07111359,0.788999975,0.015,-0.007
909.00,46.523,331.6,NaN,20.06494331,0.791000009,0.016000001,-0.002
910.00,46.363,329.6,NaN,20.06180573,0.791000009,0.012,0.002
911.00,46.253,335.7,NaN,20.06101608,0.790000021,0,0.003
912.00,46.093,328.7,NaN,20.06101608,0.787999988,0.001,0.002
913.00,45.903,321.1,NaN,20.06552505,0.787,0.001,-0.002
914.00,45.623,322.7,NaN,20.06940269,0.787,0.001,0.002
915.00,45.443,323.4,NaN,20.07212448,0.788999975,0.012,-0.004
916.00,45.263,322.1,NaN,20.07120895,0.791000009,0.015,0.002
917.00,45.093,326.2,NaN,20.06724167,0.79400003,0.005,-0.001
918.00,44.903,331.0,NaN,20.06112862,0.796000004,0.007,-0.003
919.00,44.673,340.0,NaN,20.05591202,0.796999991,0.006,0.006
920.00,44.452,333.0,NaN,20.05409241,0.796999991,0.003,-0.001
921.00,44.252,319.6,NaN,20.05545616,0.796999991,0.01,0.003
922.00,44.092,330.6,NaN,20.05781364,0.797999978,0.001,0.006
923.00,43.872,325.4,NaN,20.05667114,0.797999978,0.005,0.006
924.00,43.732,335.6,NaN,20.05480003,0.799000025,0.005,0.000
925.00,43.622,334.6,NaN,20.05207443,0.797999978,0.002,0.003
926.00,43.322,333.7,NaN,20.05189705,0.799000025,0.004,0.000
927.00,43.122,337.9,NaN,20.0539856,0.800000012,0.012,0.009
928.00,42.972,334.7,NaN,20.05423355,0.800999999,0.026000001,0.007
929.00,42.742,331.0,NaN,20.05083847,0.801999986,0.017000001,0.001
930.00,42.562,337.4,NaN,20.05019569,0.801999986,0.006,0.011
931.00,42.302,337.2,NaN,20.04893112,0.801999986,0.002,0.007
932.00,42.152,332.3,NaN,20.04801559,0.801999986,0.005,0.007
933.00,41.982,337.9,NaN,20.0487442,0.800999999,0.002,0.004
934.00,41.792,335.6,NaN,20.05281258,0.800000012,0.009,0.001
935.00,41.652,332.5,NaN,20.05504799,0.800000012,0.005,0.000
936.00,41.402,324.0,NaN,20.05801201,0.800000012,0.008,0.012
937.00,41.222,328.2,NaN,20.06002235,0.800000012,0.004,0.006
938.00,41.082,328.2,NaN,20.05937958,0.801999986,0.006,0.005
939.00,40.862,332.2,NaN,20.05376816,0.805000007,0.01,0.004
940.00,40.602,332.7,NaN,20.04865456,0.806999981,0.009,-0.001
941.00,40.462,336.2,NaN,20.04295158,0.810000002,0.005,0.004
942.00,40.302,346.8,NaN,20.04048157,0.81099999,0.004,0.007
943.00,40.122,343.5,NaN,20.03917122,0.81099999,0.001,0.011
944.00,39.892,333.4,NaN,20.03862381,0.810000002,0.002,0.009
945.00,39.702,338.8,NaN,20.04248428,0.809000015,0.001,0.006
946.00,39.572,329.4,NaN,20.04686737,0.808000028,0.005,0.000
947.00,39.332,334.3,NaN,20.05235481,0.808000028,0.014,0.008
948.00,39.172,328.5,NaN,20.05052376,0.808000028,0.018999999,0.005
949.00,38.961,326.9,NaN,20.05090714,0.808000028,0.012,0.008
950.00,38.811,337.3,NaN,20.05174446,0.809000015,0.001,0.006
951.00,38.641,343.5,NaN,20.05020523,0.809000015,0.007,0.004
952.00,38.421,332.2,NaN,20.05101013,0.809000015,0.007,0.002
953.00,38.201,330.9,NaN,20.04924202,0.809000015,0.01,0.005
954.00,38.031,324.9,NaN,20.04811478,0.809000015,0.011,0.001
955.00,37.781,337.4,NaN,20.05104828,0.810000002,0.007,0.015
956.00,37.621,322.4,NaN,20.04692841,0.81099999,0.01,0.010
957.00,37.401,335.8,NaN,20.04609299,0.811999977,0.008,0.009
958.00,37.211,332.3,NaN,20.04043388,0.813000023,0.002,0.009
959.00,36.981,343.7,NaN,20.03894806,0.81400001,0.007,0.005
960.00,36.771,345.8,NaN,20.0359745,0.814999998,0.004,0.001
961.00,36.591,328.9,NaN,20.03544617,0.816999972,0.015,0.008
962.00,36.341,331.0,NaN,20.03492546,0.819000006,0.009,0.007
963.00,36.201,333.0,NaN,20.03539276,0.82099998,0.01,0.009
964.00,35.981,338.4,NaN,20.03333092,0.823000014,0.006,0.004
965.00,35.731,342.8,NaN,20.0262394,0.824000001,0.013,0.006
966.00,35.641,344.6,NaN,20.02547073,0.825999975,0.007,0.015
967.00,35.411,346.0,NaN,20.02489471,0.825999975,0,0.005
968.00,35.201,350.6,NaN,20.02306938,0.825999975,0,0.009
969.00,34.991,343.8,NaN,20.02180862,0.825999975,0.014,0.006
970.00,34.801,343.5,NaN,20.02458954,0.824999988,0.018999999,0.007
971.00,34.581,341.3,NaN,20.02939987,0.824000001,0.02,0.007
972.00,34.411,338.6,NaN,20.03281403,0.823000014,0.014,0.003
973.00,34.181,338.5,NaN,20.03606224,0.822000027,0.01,-0.002
974.00,34.011,336.4,NaN,20.03557968,0.822000027,0.001,-0.006
975.00,33.871,337.1,NaN,20.03886986,0.822000027,0.006,-0.004
976.00,33.671,339.9,NaN,20.0374012,0.822000027,0.011,-0.001
977.00,33.420,329.5,NaN,20.03487396,0.823000014,0.014,-0.007
978.00,33.250,334.9,NaN,20.03389168,0.824000001,0.009,0.002
979.00,33.020,332.5,NaN,20.03494453,0.824000001,0.015,0.005
980.00,32.800,336.1,NaN,20.03215981,0.824000001,0.011,0.005
981.00,32.710,337.8,NaN,20.03239441,0.824999988,0.009,0.004
982.00,32.500,337.3,NaN,20.03345299,0.825999975,0.013,0.002
983.00,32.200,347.2,NaN,20.03422165,0.827000022,0.004,0.002
984.00,32.030,334.0,NaN,20.02970886,0.827000022,0.003,0.001
985.00,31.830,340.1,NaN,20.02947998,0.827000022,0.003,0.004
986.00,31.660,342.6,NaN,20.02947998,0.828000009,0.017000001,0.004
987.00,31.410,334.8,NaN,20.03124428,0.829999983,0.017000001,0.003
988.00,31.280,335.1,NaN,20.02650642,0.832000017,0.003,0.012
989.00,31.050,343.2,NaN,20.02343178,0.833999991,0.006,0.000
990.00,30.850,346.8,NaN,20.01397896,0.834999979,0.017000001,-0.002
991.00,30.710,345.1,NaN,20.01198196,0.834999979,0.013,0.009
992.00,30.500,348.5,NaN,20.01415062,0.833999991,0.008,0.008
993.00,30.350,341.8,NaN,20.01770782,0.833000004,0.013,0.009
994.00,30.130,341.5,NaN,20.01971245,0.832000017,0,0.008
995.00,29.950,340.1,NaN,20.02249718,0.833000004,0.002,0.005
996.00,29.660,339.8,NaN,20.02828979,0.836000025,0.008,0.006
997.00,29.570,339.0,NaN,20.02563286,0.838999987,0.008,0.010
998.00,29.280,342.3,NaN,20.01985741,0.842000008,0.001,0.004
999.00,29.080,342.1,NaN,20.01564407,0.845000029,0,0.007
1000.00,28.900,354.0,NaN,20.00800896,0.846000016,0.008,0.004
1001.00,28.710,349.4,NaN,20.00612068,0.846000016,0.007,0.002
1002.00,28.520,338.8,NaN,20.00699043,0.846000016,0.005,0.010
1003.00,28.300,341.4,NaN,20.01131058,0.846000016,0.01,-0.003
1004.00,28.130,343.4,NaN,20.01855659,0.846000016,0.015,0.000
1005.00,27.929,342.8,NaN,20.01826096,0.845000029,0.012,0.009
1006.00,27.669,336.5,NaN,20.02316284,0.845000029,0.003,0.004
1007.00,27.509,334.4,NaN,20.02257729,0.845000029,0.001,0.004
1008.00,27.339,342.4,NaN,20.02250481,0.847000003,0.013,0.000
1009.00,27.059,337.5,NaN,20.0179882,0.847000003,0.017999999,0.008
1010.00,26.939,341.0,NaN,20.01651573,0.848999977,0.017999999,0.001
1011.00,26.779,339.7,NaN,20.01711273,0.850000024,0.008,0.007
1012.00,26.559,348.0,NaN,20.01621056,0.850000024,0.006,0.001
1013.00,26.329,348.8,NaN,20.01374054,0.848999977,0.009,-0.003
1014.00,26.179,340.8,NaN,20.01022339,0.848999977,0.014,-0.002
1015.00,25.969,339.8,NaN,20.01164818,0.850000024,0.008,0.000
1016.00,25.669,350.8,NaN,20.01336861,0.851999998,0.004,0.003
1017.00,25.529,353.1,NaN,20.01261139,0.852999985,0.002,0.001
1018.00,25.279,355.1,NaN,20.00471878,0.855000019,0.009,0.001
1019.00,25.069,340.8,NaN,20.00180626,0.856000006,0.003,0.011
1020.00,24.869,337.1,NaN,20.00019455,0.856999993,0.004,0.001
1021.00,24.689,344.9,NaN,19.99871635,0.85799998,0.001,0.007
1022.00,24.449,346.8,NaN,19.99728584,0.859000027,0.012,-0.002
1023.00,24.229,347.2,NaN,19.99728584,0.860000014,0.013,0.000
1024.00,24.079,353.0,NaN,19.99245834,0.860000014,0.001,0.001
1025.00,23.869,348.8,NaN,19.99515724,0.859000027,0.004,0.003
1026.00,23.689,346.1,NaN,19.99652672,0.85799998,0.001,0.001
1027.00,23.489,353.6,NaN,19.99974442,0.856999993,0.002,0.002
1028.00,23.299,344.5,NaN,20.00233841,0.856000006,0.011,-0.003
1029.00,23.049,339.3,NaN,20.00451279,0.856000006,0.009,0.002
1030.00,22.849,346.0,NaN,20.00665855,0.856000006,0.008,-0.004
1031.00,22.589,345.8,NaN,20.00580978,0.856000006,0.005,0.000
1032.00,22.478,350.6,NaN,20.00868988,0.856999993,0.004,0.005
1033.00,22.248,355.7,NaN,20.00694656,0.85799998,0.005,-0.002
1034.00,22.078,348.2,NaN,20.00598717,0.856999993,0.015,-0.001
1035.00,21.858,349.3,NaN,20.00379372,0.85799998,0.009,0.000
1036.00,21.608,346.2,NaN,20.0005703,0.85799998,0.015,0.001
1037.00,21.418,345.8,NaN,19.99687767,0.859000027,0.007,0.000
1038.00,21.268,351.5,NaN,19.99762535,0.859000027,0.004,-0.001
1039.00,20.968,342.1,NaN,19.99684715,0.860000014,0.006,-0.001
1040.00,20.708,346.6,NaN,19.99865532,0.861000001,0.009,-0.001
1041.00,20.578,348.0,NaN,19.99745178,0.862999976,0.016000001,-0.002
1042.00,20.388,355.6,NaN,19.99435997,0.86500001,0.014,0.000
1043.00,20.228,356.2,NaN,19.98927307,0.865999997,0.001,0.000
1044.00,19.968,351.7,NaN,19.98927498,0.866999984,0.004,0.002
1045.00,19.718,357.0,NaN,19.98758316,0.867999971,0.001,-0.002
1046.00,19.558,357.0,NaN,19.98647308,0.867999971,0.006,0.006
1047.00,19.398,351.1,NaN,19.99126434,0.869000018,0.001,0.001
1048.00,19.218,347.4,NaN,19.99163437,0.870000005,0.001,0.003
1049.00,19.028,359.5,NaN,19.99110222,0.870999992,0.007,0.012
1050.00,18.798,367.8,NaN,19.98571205,0.871999979,0.009,0.003
1051.00,18.598,358.0,NaN,19.98346519,0.873000026,0.003,0.002
1052.00,18.338,354.6,NaN,19.98122978,0.873000026,0.004,0.011
1053.00,18.168,348.7,NaN,19.98410797,0.873000026,0.009,0.007
1054.00,17.988,352.3,NaN,19.98457718,0.873000026,0,0.004
1055.00,17.748,350.5,NaN,19.98589325,0.873000026,0.008,0.003
1056.00,17.528,343.8,NaN,19.98713875,0.871999979,0.006,0.000
1057.00,17.328,349.6,NaN,19.98748207,0.871999979,0,-0.004
1058.00,17.138,347.5,NaN,19.99230576,0.870999992,0.001,0.004
1059.00,16.877,351.5,NaN,19.99331474,0.870000005,0.002,0.003
1060.00,16.727,344.8,NaN,19.99306488,0.870000005,0,0.001
1061.00,16.497,333.0,NaN,19.99468613,0.871999979,0.011,0.005
1062.00,16.347,346.9,NaN,19.99111938,0.874000013,0.015,0.002
1063.00,16.077,351.7,NaN,19.98689651,0.875999987,0.016000001,0.002
1064.00,15.917,360.2,NaN,19.98091125,0.879000008,0.016000001,0.002
1065.00,15.667,364.4,NaN,19.97609711,0.883000016,0.02,-0.001
1066.00,15.427,361.4,NaN,19.97250366,0.885999978,0.021,0.001
1067.00,15.247,361.9,NaN,19.96678352,0.888000011,0.017000001,-0.004
1068.00,15.117,364.8,NaN,19.96111298,0.888999999,0.012,-0.002
1069.00,14.817,361.9,NaN,19.95934486,0.888999999,0.007,0.005
1070.00,14.637,359.9,NaN,19.96284294,0.889999986,0.006,0.002
1071.00,14.377,374.0,NaN,19.96286774,0.889999986,0.004,0.001
1072.00,14.267,365.1,NaN,19.96340179,0.890999973,0.011,-0.002
1073.00,14.017,357.6,NaN,19.96253395,0.893999994,0.027000001,-0.001
1074.00,13.737,355.1,NaN,19.95883179,0.897000015,0.022,-0.002
1075.00,13.567,368.2,NaN,19.95452499,0.898999989,0.001,-0.005
1076.00,13.307,361.1,NaN,19.94944191,0.899999976,0.002,-0.002
1077.00,13.157,357.1,NaN,19.94661331,0.901000023,0.004,0.002
1078.00,12.937,363.6,NaN,19.94721985,0.901000023,0.008,-0.002
1079.00,12.667,363.6,NaN,19.95062065,0.901000023,0.006,0.002
1080.00,12.537,370.4,NaN,19.95213699,0.90200001,0.013,-0.003
1081.00,12.267,368.5,NaN,19.95000458,0.90200001,0.014,-0.001
1082.00,12.087,366.0,NaN,19.94993591,0.901000023,0.001,0.000
1083.00,11.887,360.5,NaN,19.95185089,0.899999976,0.006,0.000
1084.00,11.747,358.5,NaN,19.95567322,0.899999976,0.003,0.002
1085.00,11.466,360.5,NaN,19.96041679,0.899999976,0.016000001,0.004
1086.00,11.296,350.9,NaN,19.958498,0.901000023,0.005,0.007
1087.00,11.046,365.5,NaN,19.95697975,0.903999984,0.003,0.004
1088.00,10.786,363.0,NaN,19.95322609,0.907999992,0.005,-0.004
1089.00,10.576,372.8,NaN,19.94609451,0.908999979,0.01,-0.003
1090.00,10.406,365.2,NaN,19.94157028,0.910000026,0.005,-0.006
1091.00,10.076,357.4,NaN,19.94149017,0.911000013,0.005,0.000
1092.00,9.966,364.6,NaN,19.94390106,0.912,0.012,0.003
1093.00,9.696,367.3,NaN,19.94617271,0.915000021,0.008,0.008
1094.00,9.456,378.3,NaN,19.94380188,0.916999996,0.003,0.000
1095.00,9.246,368.1,NaN,19.93682289,0.917999983,0.005,-0.007
1096.00,9.036,375.5,NaN,19.93523026,0.920000017,0.016000001,0.003
1097.00,8.816,362.3,NaN,19.93325424,0.922999978,0.015,0.012
1098.00,8.516,370.9,NaN,19.93190575,0.925000012,0,0.001
1099.00,8.346,380.1,NaN,19.9283886,0.925999999,0.007,0.001
1100.00,8.176,367.8,NaN,19.92698097,0.926999986,0.013,-0.003
1101.00,7.986,376.3,NaN,19.92606354,0.92900002,0.015,-0.004
1102.00,7.736,376.4,NaN,19.92139626,0.930999994,0.018999999,0.000
1103.00,7.476,384.0,NaN,19.91760635,0.934000015,0.012,0.004
1104.00,7.276,377.7,NaN,19.91222,0.935000002,0.015,-0.006
1105.00,7.136,382.0,NaN,19.90891266,0.936999977,0.013,-0.002
1106.00,6.886,391.9,NaN,19.90439987,0.936999977,0.004,0.002
1107.00,6.666,377.9,NaN,19.90342903,0.936999977,0,0.000
1108.00,6.486,379.3,NaN,19.90445518,0.936999977,0.003,0.005
1109.00,6.346,385.6,NaN,19.90509796,0.938000023,0.011,0.007
1110.00,6.046,389.5,NaN,19.90246582,0.93900001,0.009,0.006
1111.00,5.775,381.1,NaN,19.89796066,0.938000023,0.017999999,0.002
1112.00,5.645,384.5,NaN,19.89887619,0.936999977,0.012,0.006
1113.00,5.445,390.0,NaN,19.9017334,0.935000002,0.007,0.001
1114.00,5.275,378.5,NaN,19.90466499,0.931999981,0.012,0.005
1115.00,5.125,385.6,NaN,19.91233635,0.927999973,0.011,-0.002
1116.00,4.915,370.9,NaN,19.91943932,0.916000009,0.006,0.007
1117.00,4.805,388.3,NaN,19.92724228,0.898000002,0.002,0.000
1118.00,4.555,377.5,NaN,19.93168068,0.887000024,0,0.001
1119.00,4.335,368.6,NaN,19.94498825,0.882000029,0.01,0.001
1120.00,4.245,370.1,NaN,19.9582119,0.879000008,0.013,0.000
1121.00,4.065,356.5,NaN,19.96905708,0.866999984,0.015,0.001
1122.00,3.835,360.8,NaN,19.97466087,0.856000006,0.012,0.001
1123.00,3.685,353.2,NaN,19.97958374,0.843999982,0.01,0.005
1124.00,3.525,352.0,NaN,19.9928093,0.827000022,0.016000001,0.012
1125.00,3.385,348.1,NaN,20.00441742,0.815999985,0.013,0.002
1126.00,3.275,340.4,NaN,20.01528168,0.805000007,0.013,0.001
1127.00,3.125,334.1,NaN,20.02788353,0.79400003,0.011,0.007
1128.00,2.905,333.8,NaN,20.03993988,0.782000005,0.006,-0.003
1129.00,2.785,327.5,NaN,20.05401421,0.772000015,0.001,0.002
1130.00,2.725,326.8,NaN,20.06616974,0.760999978,0.002,0.001
1131.00,2.545,323.0,NaN,20.07987785,0.741999984,0.002,0.001
1132.00,2.545,325.4,NaN,20.09101295,0.723999977,0.008,0.008
1133.00,2.385,309.2,NaN,20.1013546,0.70599997,0.003,0.002
1134.00,2.235,306.3,NaN,20.11826324,0.680999994,0.004,0.008
1135.00,2.115,294.2,NaN,20.13829041,0.663999975,0.007,0.003
1136.00,2.005,290.4,NaN,20.16194725,0.653999984,0.006,0.000
1137.00,1.935,282.1,NaN,20.17809868,0.643000007,0.003,0.003
1138.00,1.755,277.8,NaN,20.19510078,0.633000016,0.012,0.006
1139.00,1.645,266.1,NaN,20.21264458,0.623000026,0.015,0.001
1140.00,1.575,266.9,NaN,20.22918892,0.600000024,0.002,-0.001
1141.00,1.475,263.4,NaN,20.24237823,0.589999974,0.007,0.000
1142.00,1.365,254.4,NaN,20.2579155,0.579999983,0.01,0.010
1143.00,1.265,248.9,NaN,20.27248383,0.561999977,0.01,0.002
1144.00,1.205,239.2,NaN,20.29025841,0.552999973,0.007,0.011
1145.00,1.125,238.4,NaN,20.3056221,0.536000013,0.002,-0.004
1146.00,1.065,234.6,NaN,20.31894493,0.526000023,0,0.003
1147.00,0.965,226.8,NaN,20.32448578,0.515999973,0.004,0.003
1148.00,0.875,225.5,NaN,20.33968163,0.499000013,0.003,0.002
1149.00,0.785,217.5,NaN,20.35342026,0.481999993,0.021,0.016
1150.00,0.745,214.5,NaN,20.36786079,0.467000008,0.018999999,0.011
1151.00,0.715,203.8,NaN,20.38206291,0.456,0.012,0.002
1152.00,0.635,199.7,NaN,20.39614105,0.439999998,0.001,-0.004
1153.00,0.535,195.9,NaN,20.41107941,0.425000012,0.001,-0.002
1154.00,0.525,186.8,NaN,20.42632866,0.414999992,0.002,0.000
1155.00,0.474,182.9,NaN,20.44329643,0.398999989,0.001,0.009
1156.00,0.414,174.0,NaN,20.45639801,0.384000003,0.006,0.005
1157.00,0.374,167.9,NaN,20.47614479,0.367000014,0.001,0.002
1158.00,0.374,158.9,NaN,20.49082565,0.35800001,0.003,0.009
1159.00,0.334,153.8,NaN,20.50673485,0.342000008,0.006,0.015
1160.00,0.304,149.8,NaN,20.5226059,0.333000004,0.003,0.007
1161.00,0.294,145.0,NaN,20.53378487,0.317999989,0.011,0.006
1162.00,0.254,140.0,NaN,20.54662895,0.308999985,0.007,0.005
1163.00,0.244,133.3,NaN,20.55643845,0.300000012,0.003,0.010
1164.00,0.154,128.2,NaN,20.57124901,0.291000009,0.002,0.005
1165.00,0.154,124.0,NaN,20.58333206,0.275999993,0.01,0.001
1166.00,0.104,115.9,NaN,20.59719467,0.26699999,0.014,0.010
1167.00,0.104,113.6,NaN,20.60936165,0.257999986,0.01,0.014
1168.00,0.054,107.9,NaN,20.61726952,0.248999998,0.01,0.007
1169.00,0.094,103.6,NaN,20.62834549,0.240999997,0.005,0.014
1170.00,0.084,99.5,NaN,20.63973236,0.231999993,0.011,0.007
1171.00,-0.016,95.3,NaN,20.64862061,0.224000007,0.004,0.008
1172.00,0.014,92.0,NaN,20.65874481,0.215000004,0.021,0.009
1173.00,0.044,87.3,NaN,20.66687393,0.207000002,0.011,0.007
1174.00,0.004,84.8,NaN,20.67541504,0.197999999,0.002,0.002
1175.00,-0.036,81.5,NaN,20.68292999,0.194999993,0.003,0.012
1176.00,-0.056,78.3,NaN,20.68987846,0.187000006,0.014,0.011
1177.00,-0.016,74.6,NaN,20.69720078,0.178000003,0.007,0.019
1178.00,-0.056,71.2,NaN,20.70499229,0.170000002,0.01,0.040
1179.00,-0.046,67.4,NaN,20.71278763,0.166999996,0.003,0.021
1180.00,-0.116,65.0,NaN,20.72104263,0.158999994,0.017000001,0.016
1181.00,-0.066,62.0,NaN,20.72682381,0.150999993,0.013,0.008
1182.00,-0.046,59.0,NaN,20.73385239,0.142000005,0.01,0.010
1183.00,-0.066,55.2,NaN,20.73978424,0.138999999,0.007,0.006
1184.00,-0.036,51.1,NaN,20.74781609,0.133000001,0.003,0.004
1185.00,-0.056,47.3,NaN,20.75593948,0.128000006,0,0.006
1186.00,-0.056,44.6,NaN,20.76418686,0.125,0,0.006
1187.00,-0.036,42.9,NaN,20.77049065,0.116999999,0.001,0.005
1188.00,-0.086,39.0,NaN,20.7746315,0.114,0.002,0.007
1189.00,-0.086,35.8,NaN,20.78160095,0.112000003,0.001,0.004
1190.00,0.054,35.5,NaN,20.78876495,0.108000003,0.009,0.007
1191.00,0.144,35.2,NaN,20.7900753,0.105999999,0.009,0.011
1192.00,0.044,33.6,NaN,20.79031372,0.103,0.011,0.008
1193.00,0.094,32.9,NaN,20.79354668,0.100000001,0.012,0.005
1194.00,0.124,32.9,NaN,20.79530907,0.097999997,0.011,0.006
1195.00,0.134,31.7,NaN,20.79618263,0.094999999,0.007,0.008
1196.00,0.114,30.8,NaN,20.79777718,0.093999997,0.01,0.003
1197.00,0.094,30.6,NaN,20.79969215,0.090999998,0.011,0.003
1198.00,0.104,29.2,NaN,20.80015564,0.089000002,0.02,0.008
1199.00,0.104,27.6,NaN,20.803339,0.086999997,0.014,0.006
1200.00,0.094,28.1,NaN,20.80583,0.085000001,0.006,0.008
1201.00,0.094,26.8,NaN,20.80524445,0.082999997,0.012,0.005
1202.00,0.094,26.7,NaN,20.80742645,0.082000002,0.012,0.005
1203.00,0.044,26.1,NaN,20.80857086,0.079999998,0.016000001,0.002
1204.00,0.064,25.1,NaN,20.80981255,0.079000004,0.01,0.000
1205.00,0.044,25.0,NaN,20.81188393,0.078000002,0.018999999,0.011
1206.00,0.054,24.2,NaN,20.81223488,0.077,0.014,0.010
1207.00,0.054,23.8,NaN,20.81376266,0.075000003,0.016000001,-0.001
1208.00,0.064,23.7,NaN,20.81475067,0.074000001,0.011,-0.002
1209.00,0.054,21.5,NaN,20.81471634,0.071999997,0,0.003
1210.00,0.084,21.9,NaN,20.81924248,0.071000002,0.003,0.000
1211.00,0.084,22.3,NaN,20.81857491,0.068999998,0.008,0.002
1212.00,0.094,23.2,NaN,20.81773186,0.068000004,0.008,0.003
1213.00,0.064,22.3,NaN,20.81620979,0.068000004,0.004,0.003
1214.00,0.084,21.9,NaN,20.81742096,0.066,0.004,0.005
1215.00,0.084,20.8,NaN,20.81876945,0.064999998,0.011,0.004
1216.00,0.114,19.2,NaN,20.82121849,0.064999998,0.012,0.004
1217.00,0.114,18.0,NaN,20.82424355,0.064000003,0.012,0.001
1218.00,0.124,18.9,NaN,20.82689285,0.063000001,0.012,0.001
1219.00,0.114,18.9,NaN,20.82481575,0.061999999,0.003,-0.001
1220.00,0.104,19.2,NaN,20.82491684,0.061000001,0.012,-0.001
1221.00,0.104,17.7,NaN,20.82483292,0.059999999,0.001,-0.001
1222.00,0.104,18.2,NaN,20.82771492,0.059999999,0.002,0.001
1223.00,0.134,17.6,NaN,20.82658958,0.059,0.006,0.006
1224.00,0.124,16.9,NaN,20.82778931,0.059,0.003,0.000
1225.00,0.134,17.3,NaN,20.82928467,0.057999998,0.011,0.003
1226.00,0.124,16.2,NaN,20.82846451,0.057,0.002,0.004
1227.00,0.134,16.7,NaN,20.83050537,0.057,0.004,0.004
1228.00,0.114,15.8,NaN,20.82953262,0.056000002,0.01,0.003
1229.00,0.114,15.5,NaN,20.83131981,0.056000002,0.02,0.002
1230.00,0.144,15.7,NaN,20.83200836,0.056000002,0.022,0.003
1231.00,0.104,15.3,NaN,20.83143044,0.055,0.017000001,0.007
1232.00,0.124,14.9,NaN,20.8324337,0.055,0.014,-0.006
1233.00,0.134,14.9,NaN,20.83297157,0.055,0.008,-0.009
1234.00,0.114,13.5,NaN,20.83329391,0.054000001,0.001,-0.006
1235.00,0.104,13.2,NaN,20.83590317,0.054000001,0.001,-0.002
1236.00,0.104,13.3,NaN,20.83672333,0.052999999,0.003,-0.007
1237.00,0.124,14.3,NaN,20.83638954,0.052999999,0.013,-0.002
1238.00,0.124,14.8,NaN,20.834589,0.052999999,0.015,0.004
1239.00,0.104,15.5,NaN,20.83370399,0.052000001,0.013,-0.006
1240.00,0.134,15.5,NaN,20.83218765,0.052000001,0.008,-0.006
1241.00,0.114,15.7,NaN,20.83231354,0.052000001,0.017000001,-0.004
1242.00,0.114,15.1,NaN,20.83155441,0.052000001,0.007,-0.004
1243.00,0.144,15.7,NaN,20.83277512,0.050999999,0.001,-0.002
1244.00,0.134,16.3,NaN,20.83201218,0.050999999,0.003,0.000
1245.00,0.114,14.5,NaN,20.8306694,0.050000001,0.005,0.004
1246.00,0.144,14.0,NaN,20.83436394,0.050000001,0.011,-0.002
1247.00,0.134,13.6,NaN,20.8351593,0.050000001,0,0.005
1248.00,0.124,12.6,NaN,20.83612251,0.048999999,0.001,0.003
1249.00,0.124,12.3,NaN,20.83770752,0.048999999,0.006,-0.007
1250.00,0.144,10.9,NaN,20.83876801,0.048999999,0.005,0.001
1251.00,0.154,13.6,NaN,20.8415432,0.048999999,0.004,-0.003
1252.00,0.164,12.8,NaN,20.83596611,0.048999999,0.004,-0.005
1253.00,0.154,14.0,NaN,20.83762932,0.048,0.002,0.000
1254.00,0.134,14.1,NaN,20.83552551,0.048,0.017999999,-0.002
1255.00,0.134,14.1,NaN,20.83534431,0.048999999,0.022,-0.002
1256.00,0.134,13.4,NaN,20.83496475,0.048999999,0.012,0.002
1257.00,0.124,14.5,NaN,20.8365078,0.048,0.005,-0.007
1258.00,0.124,13.4,NaN,20.83442879,0.048,0.009,-0.005
1259.00,0.114,12.6,NaN,20.83666801,0.048,0.02,-0.009
1260.00,0.144,13.5,NaN,20.83794594,0.048,0.004,0.002
1261.00,0.104,14.8,NaN,20.8366375,0.048,0,0.005
1262.00,0.094,14.5,NaN,20.83382034,0.048,0,-0.004
1263.00,0.094,14.8,NaN,20.83420563,0.048,0.006,-0.009
1264.00,0.104,14.8,NaN,20.83348656,0.048,0.014,-0.006
1265.00,0.114,14.5,NaN,20.83329964,0.048,0.026000001,-0.006
1266.00,0.104,15.8,NaN,20.83432579,0.048,0.02,-0.007
1267.00,0.104,15.8,NaN,20.83168793,0.048,0.014,-0.005
1268.00,0.114,15.7,NaN,20.83186913,0.048,0.02,-0.002
1269.00,0.114,14.1,NaN,20.83226013,0.048,0.007,-0.006
1270.00,0.104,12.7,NaN,20.83517838,0.046999998,0.002,-0.004
1271.00,0.084,11.0,NaN,20.8376255,0.046999998,0.004,-0.005
1272.00,0.084,10.4,NaN,20.8413868,0.046999998,0.006,-0.010
1273.00,0.084,10.9,NaN,20.84260368,0.046999998,0.008,-0.007
1274.00,0.074,10.4,NaN,20.84163475,0.046999998,0.01,0.000
1275.00,0.124,10.4,NaN,20.84254265,0.046999998,0.025,-0.008
1276.00,0.134,11.7,NaN,20.84261703,0.046999998,0.009,0.000
1277.00,0.114,12.3,NaN,20.83992958,0.046,0.004,-0.006
1278.00,0.094,12.3,NaN,20.83884048,0.046,0.008,-0.013
1279.00,0.094,12.7,NaN,20.83884621,0.046,0.011,-0.007
1280.00,0.124,12.7,NaN,20.83780098,0.046,0.017999999,-0.010
